split,source_image,tile_image,row,col,crop_x1,crop_y1,crop_x2,crop_y2,orig_w,orig_h,tile_w,tile_h,source_labels,parsed_boxes,tile_labels,source_boxes_assigned,source_boxes_dropped
train,data/train/images/train_101_png.rf.e3f2bdba7a85c6794e6e6b6116dc59c6.jpg,data_quadrant/train/images/train_101_png.rf.e3f2bdba7a85c6794e6e6b6116dc59c6__r0c0.jpg,0,0,0,0,1750,790,2916,1316,1750,790,2,2,2,2,0
train,data/train/images/train_101_png.rf.e3f2bdba7a85c6794e6e6b6116dc59c6.jpg,data_quadrant/train/images/train_101_png.rf.e3f2bdba7a85c6794e6e6b6116dc59c6__r0c1.jpg,0,1,1166,0,2916,790,2916,1316,1750,790,2,2,1,2,0
train,data/train/images/train_101_png.rf.e3f2bdba7a85c6794e6e6b6116dc59c6.jpg,data_quadrant/train/images/train_101_png.rf.e3f2bdba7a85c6794e6e6b6116dc59c6__r1c0.jpg,1,0,0,526,1750,1316,2916,1316,1750,790,2,2,2,2,0
train,data/train/images/train_101_png.rf.e3f2bdba7a85c6794e6e6b6116dc59c6.jpg,data_quadrant/train/images/train_101_png.rf.e3f2bdba7a85c6794e6e6b6116dc59c6__r1c1.jpg,1,1,1166,526,2916,1316,2916,1316,1750,790,2,2,1,2,0
train,data/train/images/train_104_png.rf.7f6101e52070163e84a91e34e7e3a49d.jpg,data_quadrant/train/images/train_104_png.rf.7f6101e52070163e84a91e34e7e3a49d__r0c0.jpg,0,0,0,0,1627,790,2712,1316,1627,790,1,1,0,1,0
train,data/train/images/train_104_png.rf.7f6101e52070163e84a91e34e7e3a49d.jpg,data_quadrant/train/images/train_104_png.rf.7f6101e52070163e84a91e34e7e3a49d__r0c1.jpg,0,1,1085,0,2712,790,2712,1316,1627,790,1,1,0,1,0
train,data/train/images/train_104_png.rf.7f6101e52070163e84a91e34e7e3a49d.jpg,data_quadrant/train/images/train_104_png.rf.7f6101e52070163e84a91e34e7e3a49d__r1c0.jpg,1,0,0,526,1627,1316,2712,1316,1627,790,1,1,1,1,0
train,data/train/images/train_104_png.rf.7f6101e52070163e84a91e34e7e3a49d.jpg,data_quadrant/train/images/train_104_png.rf.7f6101e52070163e84a91e34e7e3a49d__r1c1.jpg,1,1,1085,526,2712,1316,2712,1316,1627,790,1,1,1,1,0
train,data/train/images/train_112_png.rf.e1b72c959fac2917c5faa72ec820cc44.jpg,data_quadrant/train/images/train_112_png.rf.e1b72c959fac2917c5faa72ec820cc44__r0c0.jpg,0,0,0,0,1186,586,1976,976,1186,586,1,1,0,1,0
train,data/train/images/train_112_png.rf.e1b72c959fac2917c5faa72ec820cc44.jpg,data_quadrant/train/images/train_112_png.rf.e1b72c959fac2917c5faa72ec820cc44__r0c1.jpg,0,1,790,0,1976,586,1976,976,1186,586,1,1,1,1,0
train,data/train/images/train_112_png.rf.e1b72c959fac2917c5faa72ec820cc44.jpg,data_quadrant/train/images/train_112_png.rf.e1b72c959fac2917c5faa72ec820cc44__r1c0.jpg,1,0,0,390,1186,976,1976,976,1186,586,1,1,1,1,0
train,data/train/images/train_112_png.rf.e1b72c959fac2917c5faa72ec820cc44.jpg,data_quadrant/train/images/train_112_png.rf.e1b72c959fac2917c5faa72ec820cc44__r1c1.jpg,1,1,790,390,1976,976,1976,976,1186,586,1,1,1,1,0
train,data/train/images/train_128_png.rf.91dd5f1a7491ef69b3324d71b0969a72.jpg,data_quadrant/train/images/train_128_png.rf.91dd5f1a7491ef69b3324d71b0969a72__r0c0.jpg,0,0,0,0,1710,790,2851,1316,1710,790,1,1,0,1,0
train,data/train/images/train_128_png.rf.91dd5f1a7491ef69b3324d71b0969a72.jpg,data_quadrant/train/images/train_128_png.rf.91dd5f1a7491ef69b3324d71b0969a72__r0c1.jpg,0,1,1140,0,2851,790,2851,1316,1711,790,1,1,0,1,0
train,data/train/images/train_128_png.rf.91dd5f1a7491ef69b3324d71b0969a72.jpg,data_quadrant/train/images/train_128_png.rf.91dd5f1a7491ef69b3324d71b0969a72__r1c0.jpg,1,0,0,526,1710,1316,2851,1316,1710,790,1,1,0,1,0
train,data/train/images/train_128_png.rf.91dd5f1a7491ef69b3324d71b0969a72.jpg,data_quadrant/train/images/train_128_png.rf.91dd5f1a7491ef69b3324d71b0969a72__r1c1.jpg,1,1,1140,526,2851,1316,2851,1316,1711,790,1,1,1,1,0
train,data/train/images/train_139_png.rf.abb491cd95458bf79a88415c08502958.jpg,data_quadrant/train/images/train_139_png.rf.abb491cd95458bf79a88415c08502958__r0c0.jpg,0,0,0,0,1698,790,2831,1316,1698,790,1,1,1,1,0
train,data/train/images/train_139_png.rf.abb491cd95458bf79a88415c08502958.jpg,data_quadrant/train/images/train_139_png.rf.abb491cd95458bf79a88415c08502958__r0c1.jpg,0,1,1132,0,2831,790,2831,1316,1699,790,1,1,0,1,0
train,data/train/images/train_139_png.rf.abb491cd95458bf79a88415c08502958.jpg,data_quadrant/train/images/train_139_png.rf.abb491cd95458bf79a88415c08502958__r1c0.jpg,1,0,0,526,1698,1316,2831,1316,1698,790,1,1,1,1,0
train,data/train/images/train_139_png.rf.abb491cd95458bf79a88415c08502958.jpg,data_quadrant/train/images/train_139_png.rf.abb491cd95458bf79a88415c08502958__r1c1.jpg,1,1,1132,526,2831,1316,2831,1316,1699,790,1,1,0,1,0
train,data/train/images/train_13_png.rf.63f3d093afd72f36bebe6e359cab64f3.jpg,data_quadrant/train/images/train_13_png.rf.63f3d093afd72f36bebe6e359cab64f3__r0c0.jpg,0,0,0,0,1761,790,2935,1316,1761,790,1,1,1,1,0
train,data/train/images/train_13_png.rf.63f3d093afd72f36bebe6e359cab64f3.jpg,data_quadrant/train/images/train_13_png.rf.63f3d093afd72f36bebe6e359cab64f3__r0c1.jpg,0,1,1173,0,2935,790,2935,1316,1762,790,1,1,0,1,0
train,data/train/images/train_13_png.rf.63f3d093afd72f36bebe6e359cab64f3.jpg,data_quadrant/train/images/train_13_png.rf.63f3d093afd72f36bebe6e359cab64f3__r1c0.jpg,1,0,0,526,1761,1316,2935,1316,1761,790,1,1,0,1,0
train,data/train/images/train_13_png.rf.63f3d093afd72f36bebe6e359cab64f3.jpg,data_quadrant/train/images/train_13_png.rf.63f3d093afd72f36bebe6e359cab64f3__r1c1.jpg,1,1,1173,526,2935,1316,2935,1316,1762,790,1,1,0,1,0
train,data/train/images/train_149_png.rf.c54bdae31bfa278aeec8ba6dded24504.jpg,data_quadrant/train/images/train_149_png.rf.c54bdae31bfa278aeec8ba6dded24504__r0c0.jpg,0,0,0,0,1687,790,2812,1316,1687,790,1,1,0,1,0
train,data/train/images/train_149_png.rf.c54bdae31bfa278aeec8ba6dded24504.jpg,data_quadrant/train/images/train_149_png.rf.c54bdae31bfa278aeec8ba6dded24504__r0c1.jpg,0,1,1125,0,2812,790,2812,1316,1687,790,1,1,0,1,0
train,data/train/images/train_149_png.rf.c54bdae31bfa278aeec8ba6dded24504.jpg,data_quadrant/train/images/train_149_png.rf.c54bdae31bfa278aeec8ba6dded24504__r1c0.jpg,1,0,0,526,1687,1316,2812,1316,1687,790,1,1,1,1,0
train,data/train/images/train_149_png.rf.c54bdae31bfa278aeec8ba6dded24504.jpg,data_quadrant/train/images/train_149_png.rf.c54bdae31bfa278aeec8ba6dded24504__r1c1.jpg,1,1,1125,526,2812,1316,2812,1316,1687,790,1,1,0,1,0
train,data/train/images/train_14_png.rf.12b5901e69c2739f91d1ed5a4b16992b.jpg,data_quadrant/train/images/train_14_png.rf.12b5901e69c2739f91d1ed5a4b16992b__r0c0.jpg,0,0,0,0,1697,790,2828,1316,1697,790,6,6,1,6,0
train,data/train/images/train_14_png.rf.12b5901e69c2739f91d1ed5a4b16992b.jpg,data_quadrant/train/images/train_14_png.rf.12b5901e69c2739f91d1ed5a4b16992b__r0c1.jpg,0,1,1131,0,2828,790,2828,1316,1697,790,6,6,4,6,0
train,data/train/images/train_14_png.rf.12b5901e69c2739f91d1ed5a4b16992b.jpg,data_quadrant/train/images/train_14_png.rf.12b5901e69c2739f91d1ed5a4b16992b__r1c0.jpg,1,0,0,526,1697,1316,2828,1316,1697,790,6,6,1,6,0
train,data/train/images/train_14_png.rf.12b5901e69c2739f91d1ed5a4b16992b.jpg,data_quadrant/train/images/train_14_png.rf.12b5901e69c2739f91d1ed5a4b16992b__r1c1.jpg,1,1,1131,526,2828,1316,2828,1316,1697,790,6,6,4,6,0
train,data/train/images/train_159_png.rf.b8041a04434c784fc017860a7838f0c4.jpg,data_quadrant/train/images/train_159_png.rf.b8041a04434c784fc017860a7838f0c4__r0c0.jpg,0,0,0,0,1692,790,2820,1316,1692,790,1,1,1,1,0
train,data/train/images/train_159_png.rf.b8041a04434c784fc017860a7838f0c4.jpg,data_quadrant/train/images/train_159_png.rf.b8041a04434c784fc017860a7838f0c4__r0c1.jpg,0,1,1128,0,2820,790,2820,1316,1692,790,1,1,0,1,0
train,data/train/images/train_159_png.rf.b8041a04434c784fc017860a7838f0c4.jpg,data_quadrant/train/images/train_159_png.rf.b8041a04434c784fc017860a7838f0c4__r1c0.jpg,1,0,0,526,1692,1316,2820,1316,1692,790,1,1,1,1,0
train,data/train/images/train_159_png.rf.b8041a04434c784fc017860a7838f0c4.jpg,data_quadrant/train/images/train_159_png.rf.b8041a04434c784fc017860a7838f0c4__r1c1.jpg,1,1,1128,526,2820,1316,2820,1316,1692,790,1,1,0,1,0
train,data/train/images/train_164_png.rf.488dd6fc6fd3c0e17d536b903fa9fb04.jpg,data_quadrant/train/images/train_164_png.rf.488dd6fc6fd3c0e17d536b903fa9fb04__r0c0.jpg,0,0,0,0,1679,790,2798,1316,1679,790,1,1,0,1,0
train,data/train/images/train_164_png.rf.488dd6fc6fd3c0e17d536b903fa9fb04.jpg,data_quadrant/train/images/train_164_png.rf.488dd6fc6fd3c0e17d536b903fa9fb04__r0c1.jpg,0,1,1119,0,2798,790,2798,1316,1679,790,1,1,1,1,0
train,data/train/images/train_164_png.rf.488dd6fc6fd3c0e17d536b903fa9fb04.jpg,data_quadrant/train/images/train_164_png.rf.488dd6fc6fd3c0e17d536b903fa9fb04__r1c0.jpg,1,0,0,526,1679,1316,2798,1316,1679,790,1,1,0,1,0
train,data/train/images/train_164_png.rf.488dd6fc6fd3c0e17d536b903fa9fb04.jpg,data_quadrant/train/images/train_164_png.rf.488dd6fc6fd3c0e17d536b903fa9fb04__r1c1.jpg,1,1,1119,526,2798,1316,2798,1316,1679,790,1,1,1,1,0
train,data/train/images/train_187_png.rf.0a694f376c3615f979974a0778c33248.jpg,data_quadrant/train/images/train_187_png.rf.0a694f376c3615f979974a0778c33248__r0c0.jpg,0,0,0,0,1689,790,2815,1316,1689,790,1,1,1,1,0
train,data/train/images/train_187_png.rf.0a694f376c3615f979974a0778c33248.jpg,data_quadrant/train/images/train_187_png.rf.0a694f376c3615f979974a0778c33248__r0c1.jpg,0,1,1125,0,2815,790,2815,1316,1690,790,1,1,1,1,0
train,data/train/images/train_187_png.rf.0a694f376c3615f979974a0778c33248.jpg,data_quadrant/train/images/train_187_png.rf.0a694f376c3615f979974a0778c33248__r1c0.jpg,1,0,0,526,1689,1316,2815,1316,1689,790,1,1,1,1,0
train,data/train/images/train_187_png.rf.0a694f376c3615f979974a0778c33248.jpg,data_quadrant/train/images/train_187_png.rf.0a694f376c3615f979974a0778c33248__r1c1.jpg,1,1,1125,526,2815,1316,2815,1316,1690,790,1,1,1,1,0
train,data/train/images/train_190_png.rf.c4a3e570e0acdec516adb582ec1a5d9b.jpg,data_quadrant/train/images/train_190_png.rf.c4a3e570e0acdec516adb582ec1a5d9b__r0c0.jpg,0,0,0,0,1717,790,2863,1316,1717,790,5,5,2,5,0
train,data/train/images/train_190_png.rf.c4a3e570e0acdec516adb582ec1a5d9b.jpg,data_quadrant/train/images/train_190_png.rf.c4a3e570e0acdec516adb582ec1a5d9b__r0c1.jpg,0,1,1145,0,2863,790,2863,1316,1718,790,5,5,2,5,0
train,data/train/images/train_190_png.rf.c4a3e570e0acdec516adb582ec1a5d9b.jpg,data_quadrant/train/images/train_190_png.rf.c4a3e570e0acdec516adb582ec1a5d9b__r1c0.jpg,1,0,0,526,1717,1316,2863,1316,1717,790,5,5,2,5,0
train,data/train/images/train_190_png.rf.c4a3e570e0acdec516adb582ec1a5d9b.jpg,data_quadrant/train/images/train_190_png.rf.c4a3e570e0acdec516adb582ec1a5d9b__r1c1.jpg,1,1,1145,526,2863,1316,2863,1316,1718,790,5,5,3,5,0
train,data/train/images/train_194_png.rf.39abe644fc23c9b2d2e5e4af23737d8a.jpg,data_quadrant/train/images/train_194_png.rf.39abe644fc23c9b2d2e5e4af23737d8a__r0c0.jpg,0,0,0,0,1680,790,2800,1316,1680,790,1,1,1,1,0
train,data/train/images/train_194_png.rf.39abe644fc23c9b2d2e5e4af23737d8a.jpg,data_quadrant/train/images/train_194_png.rf.39abe644fc23c9b2d2e5e4af23737d8a__r0c1.jpg,0,1,1120,0,2800,790,2800,1316,1680,790,1,1,0,1,0
train,data/train/images/train_194_png.rf.39abe644fc23c9b2d2e5e4af23737d8a.jpg,data_quadrant/train/images/train_194_png.rf.39abe644fc23c9b2d2e5e4af23737d8a__r1c0.jpg,1,0,0,526,1680,1316,2800,1316,1680,790,1,1,1,1,0
train,data/train/images/train_194_png.rf.39abe644fc23c9b2d2e5e4af23737d8a.jpg,data_quadrant/train/images/train_194_png.rf.39abe644fc23c9b2d2e5e4af23737d8a__r1c1.jpg,1,1,1120,526,2800,1316,2800,1316,1680,790,1,1,0,1,0
train,data/train/images/train_196_png.rf.46fa1028b9036913173cb53071e99ea8.jpg,data_quadrant/train/images/train_196_png.rf.46fa1028b9036913173cb53071e99ea8__r0c0.jpg,0,0,0,0,1846,922,3076,1536,1846,922,1,1,0,1,0
train,data/train/images/train_196_png.rf.46fa1028b9036913173cb53071e99ea8.jpg,data_quadrant/train/images/train_196_png.rf.46fa1028b9036913173cb53071e99ea8__r0c1.jpg,0,1,1230,0,3076,922,3076,1536,1846,922,1,1,0,1,0
train,data/train/images/train_196_png.rf.46fa1028b9036913173cb53071e99ea8.jpg,data_quadrant/train/images/train_196_png.rf.46fa1028b9036913173cb53071e99ea8__r1c0.jpg,1,0,0,614,1846,1536,3076,1536,1846,922,1,1,1,1,0
train,data/train/images/train_196_png.rf.46fa1028b9036913173cb53071e99ea8.jpg,data_quadrant/train/images/train_196_png.rf.46fa1028b9036913173cb53071e99ea8__r1c1.jpg,1,1,1230,614,3076,1536,3076,1536,1846,922,1,1,1,1,0
train,data/train/images/train_206_png.rf.adab03495ab5a63473573f386a8915c7.jpg,data_quadrant/train/images/train_206_png.rf.adab03495ab5a63473573f386a8915c7__r0c0.jpg,0,0,0,0,1750,790,2917,1316,1750,790,1,1,0,1,0
train,data/train/images/train_206_png.rf.adab03495ab5a63473573f386a8915c7.jpg,data_quadrant/train/images/train_206_png.rf.adab03495ab5a63473573f386a8915c7__r0c1.jpg,0,1,1166,0,2917,790,2917,1316,1751,790,1,1,1,1,0
train,data/train/images/train_206_png.rf.adab03495ab5a63473573f386a8915c7.jpg,data_quadrant/train/images/train_206_png.rf.adab03495ab5a63473573f386a8915c7__r1c0.jpg,1,0,0,526,1750,1316,2917,1316,1750,790,1,1,0,1,0
train,data/train/images/train_206_png.rf.adab03495ab5a63473573f386a8915c7.jpg,data_quadrant/train/images/train_206_png.rf.adab03495ab5a63473573f386a8915c7__r1c1.jpg,1,1,1166,526,2917,1316,2917,1316,1751,790,1,1,1,1,0
train,data/train/images/train_21_png.rf.0bfd20929a68788a40b71e93e68a184d.jpg,data_quadrant/train/images/train_21_png.rf.0bfd20929a68788a40b71e93e68a184d__r0c0.jpg,0,0,0,0,1186,586,1976,976,1186,586,2,2,1,2,0
train,data/train/images/train_21_png.rf.0bfd20929a68788a40b71e93e68a184d.jpg,data_quadrant/train/images/train_21_png.rf.0bfd20929a68788a40b71e93e68a184d__r0c1.jpg,0,1,790,0,1976,586,1976,976,1186,586,2,2,1,2,0
train,data/train/images/train_21_png.rf.0bfd20929a68788a40b71e93e68a184d.jpg,data_quadrant/train/images/train_21_png.rf.0bfd20929a68788a40b71e93e68a184d__r1c0.jpg,1,0,0,390,1186,976,1976,976,1186,586,2,2,2,2,0
train,data/train/images/train_21_png.rf.0bfd20929a68788a40b71e93e68a184d.jpg,data_quadrant/train/images/train_21_png.rf.0bfd20929a68788a40b71e93e68a184d__r1c1.jpg,1,1,790,390,1976,976,1976,976,1186,586,2,2,1,2,0
train,data/train/images/train_248_png.rf.2cb85dfa0c3a9575ea15156d171b952d.jpg,data_quadrant/train/images/train_248_png.rf.2cb85dfa0c3a9575ea15156d171b952d__r0c0.jpg,0,0,0,0,1723,790,2872,1316,1723,790,2,2,0,2,0
train,data/train/images/train_248_png.rf.2cb85dfa0c3a9575ea15156d171b952d.jpg,data_quadrant/train/images/train_248_png.rf.2cb85dfa0c3a9575ea15156d171b952d__r0c1.jpg,0,1,1149,0,2872,790,2872,1316,1723,790,2,2,2,2,0
train,data/train/images/train_248_png.rf.2cb85dfa0c3a9575ea15156d171b952d.jpg,data_quadrant/train/images/train_248_png.rf.2cb85dfa0c3a9575ea15156d171b952d__r1c0.jpg,1,0,0,526,1723,1316,2872,1316,1723,790,2,2,0,2,0
train,data/train/images/train_248_png.rf.2cb85dfa0c3a9575ea15156d171b952d.jpg,data_quadrant/train/images/train_248_png.rf.2cb85dfa0c3a9575ea15156d171b952d__r1c1.jpg,1,1,1149,526,2872,1316,2872,1316,1723,790,2,2,1,2,0
train,data/train/images/train_249_png.rf.3966d3290fc6f9bccdbca81811fa0bd6.jpg,data_quadrant/train/images/train_249_png.rf.3966d3290fc6f9bccdbca81811fa0bd6__r0c0.jpg,0,0,0,0,1721,902,2868,1504,1721,902,2,2,1,2,0
train,data/train/images/train_249_png.rf.3966d3290fc6f9bccdbca81811fa0bd6.jpg,data_quadrant/train/images/train_249_png.rf.3966d3290fc6f9bccdbca81811fa0bd6__r0c1.jpg,0,1,1147,0,2868,902,2868,1504,1721,902,2,2,1,2,0
train,data/train/images/train_249_png.rf.3966d3290fc6f9bccdbca81811fa0bd6.jpg,data_quadrant/train/images/train_249_png.rf.3966d3290fc6f9bccdbca81811fa0bd6__r1c0.jpg,1,0,0,602,1721,1504,2868,1504,1721,902,2,2,2,2,0
train,data/train/images/train_249_png.rf.3966d3290fc6f9bccdbca81811fa0bd6.jpg,data_quadrant/train/images/train_249_png.rf.3966d3290fc6f9bccdbca81811fa0bd6__r1c1.jpg,1,1,1147,602,2868,1504,2868,1504,1721,902,2,2,2,2,0
train,data/train/images/train_250_png.rf.c9a685e1a48cc05ed02374fa32aa4eab.jpg,data_quadrant/train/images/train_250_png.rf.c9a685e1a48cc05ed02374fa32aa4eab__r0c0.jpg,0,0,0,0,1716,790,2860,1316,1716,790,2,2,0,2,0
train,data/train/images/train_250_png.rf.c9a685e1a48cc05ed02374fa32aa4eab.jpg,data_quadrant/train/images/train_250_png.rf.c9a685e1a48cc05ed02374fa32aa4eab__r0c1.jpg,0,1,1144,0,2860,790,2860,1316,1716,790,2,2,2,2,0
train,data/train/images/train_250_png.rf.c9a685e1a48cc05ed02374fa32aa4eab.jpg,data_quadrant/train/images/train_250_png.rf.c9a685e1a48cc05ed02374fa32aa4eab__r1c0.jpg,1,0,0,526,1716,1316,2860,1316,1716,790,2,2,0,2,0
train,data/train/images/train_250_png.rf.c9a685e1a48cc05ed02374fa32aa4eab.jpg,data_quadrant/train/images/train_250_png.rf.c9a685e1a48cc05ed02374fa32aa4eab__r1c1.jpg,1,1,1144,526,2860,1316,2860,1316,1716,790,2,2,2,2,0
train,data/train/images/train_258_png.rf.29fb80f3baf2b24747d65c2a68654dcd.jpg,data_quadrant/train/images/train_258_png.rf.29fb80f3baf2b24747d65c2a68654dcd__r0c0.jpg,0,0,0,0,1723,902,2872,1504,1723,902,1,1,1,1,0
train,data/train/images/train_258_png.rf.29fb80f3baf2b24747d65c2a68654dcd.jpg,data_quadrant/train/images/train_258_png.rf.29fb80f3baf2b24747d65c2a68654dcd__r0c1.jpg,0,1,1149,0,2872,902,2872,1504,1723,902,1,1,1,1,0
train,data/train/images/train_258_png.rf.29fb80f3baf2b24747d65c2a68654dcd.jpg,data_quadrant/train/images/train_258_png.rf.29fb80f3baf2b24747d65c2a68654dcd__r1c0.jpg,1,0,0,602,1723,1504,2872,1504,1723,902,1,1,1,1,0
train,data/train/images/train_258_png.rf.29fb80f3baf2b24747d65c2a68654dcd.jpg,data_quadrant/train/images/train_258_png.rf.29fb80f3baf2b24747d65c2a68654dcd__r1c1.jpg,1,1,1149,602,2872,1504,2872,1504,1723,902,1,1,1,1,0
train,data/train/images/train_272_png.rf.24765a5114e54cdd6e93bf13afde18f6.jpg,data_quadrant/train/images/train_272_png.rf.24765a5114e54cdd6e93bf13afde18f6__r0c0.jpg,0,0,0,0,1721,902,2868,1504,1721,902,2,2,0,2,0
train,data/train/images/train_272_png.rf.24765a5114e54cdd6e93bf13afde18f6.jpg,data_quadrant/train/images/train_272_png.rf.24765a5114e54cdd6e93bf13afde18f6__r0c1.jpg,0,1,1147,0,2868,902,2868,1504,1721,902,2,2,2,2,0
train,data/train/images/train_272_png.rf.24765a5114e54cdd6e93bf13afde18f6.jpg,data_quadrant/train/images/train_272_png.rf.24765a5114e54cdd6e93bf13afde18f6__r1c0.jpg,1,0,0,602,1721,1504,2868,1504,1721,902,2,2,0,2,0
train,data/train/images/train_272_png.rf.24765a5114e54cdd6e93bf13afde18f6.jpg,data_quadrant/train/images/train_272_png.rf.24765a5114e54cdd6e93bf13afde18f6__r1c1.jpg,1,1,1147,602,2868,1504,2868,1504,1721,902,2,2,1,2,0
train,data/train/images/train_280_png.rf.4108da8aae2b7e2b0c97402ece437c26.jpg,data_quadrant/train/images/train_280_png.rf.4108da8aae2b7e2b0c97402ece437c26__r0c0.jpg,0,0,0,0,1706,790,2844,1316,1706,790,1,1,1,1,0
train,data/train/images/train_280_png.rf.4108da8aae2b7e2b0c97402ece437c26.jpg,data_quadrant/train/images/train_280_png.rf.4108da8aae2b7e2b0c97402ece437c26__r0c1.jpg,0,1,1138,0,2844,790,2844,1316,1706,790,1,1,0,1,0
train,data/train/images/train_280_png.rf.4108da8aae2b7e2b0c97402ece437c26.jpg,data_quadrant/train/images/train_280_png.rf.4108da8aae2b7e2b0c97402ece437c26__r1c0.jpg,1,0,0,526,1706,1316,2844,1316,1706,790,1,1,1,1,0
train,data/train/images/train_280_png.rf.4108da8aae2b7e2b0c97402ece437c26.jpg,data_quadrant/train/images/train_280_png.rf.4108da8aae2b7e2b0c97402ece437c26__r1c1.jpg,1,1,1138,526,2844,1316,2844,1316,1706,790,1,1,0,1,0
train,data/train/images/train_287_png.rf.b1c935792298ca1ddf2c42dc932196cb.jpg,data_quadrant/train/images/train_287_png.rf.b1c935792298ca1ddf2c42dc932196cb__r0c0.jpg,0,0,0,0,1772,790,2954,1316,1772,790,1,1,0,1,0
train,data/train/images/train_287_png.rf.b1c935792298ca1ddf2c42dc932196cb.jpg,data_quadrant/train/images/train_287_png.rf.b1c935792298ca1ddf2c42dc932196cb__r0c1.jpg,0,1,1182,0,2954,790,2954,1316,1772,790,1,1,0,1,0
train,data/train/images/train_287_png.rf.b1c935792298ca1ddf2c42dc932196cb.jpg,data_quadrant/train/images/train_287_png.rf.b1c935792298ca1ddf2c42dc932196cb__r1c0.jpg,1,0,0,526,1772,1316,2954,1316,1772,790,1,1,1,1,0
train,data/train/images/train_287_png.rf.b1c935792298ca1ddf2c42dc932196cb.jpg,data_quadrant/train/images/train_287_png.rf.b1c935792298ca1ddf2c42dc932196cb__r1c1.jpg,1,1,1182,526,2954,1316,2954,1316,1772,790,1,1,1,1,0
train,data/train/images/train_301_png.rf.1035d42dd6d013869faf583a86b815af.jpg,data_quadrant/train/images/train_301_png.rf.1035d42dd6d013869faf583a86b815af__r0c0.jpg,0,0,0,0,1507,902,2512,1504,1507,902,2,2,2,2,0
train,data/train/images/train_301_png.rf.1035d42dd6d013869faf583a86b815af.jpg,data_quadrant/train/images/train_301_png.rf.1035d42dd6d013869faf583a86b815af__r0c1.jpg,0,1,1005,0,2512,902,2512,1504,1507,902,2,2,0,2,0
train,data/train/images/train_301_png.rf.1035d42dd6d013869faf583a86b815af.jpg,data_quadrant/train/images/train_301_png.rf.1035d42dd6d013869faf583a86b815af__r1c0.jpg,1,0,0,602,1507,1504,2512,1504,1507,902,2,2,2,2,0
train,data/train/images/train_301_png.rf.1035d42dd6d013869faf583a86b815af.jpg,data_quadrant/train/images/train_301_png.rf.1035d42dd6d013869faf583a86b815af__r1c1.jpg,1,1,1005,602,2512,1504,2512,1504,1507,902,2,2,0,2,0
train,data/train/images/train_31_png.rf.7882a35de62b7a0885e02eff3065b824.jpg,data_quadrant/train/images/train_31_png.rf.7882a35de62b7a0885e02eff3065b824__r0c0.jpg,0,0,0,0,1723,902,2872,1504,1723,902,1,1,1,1,0
train,data/train/images/train_31_png.rf.7882a35de62b7a0885e02eff3065b824.jpg,data_quadrant/train/images/train_31_png.rf.7882a35de62b7a0885e02eff3065b824__r0c1.jpg,0,1,1149,0,2872,902,2872,1504,1723,902,1,1,1,1,0
train,data/train/images/train_31_png.rf.7882a35de62b7a0885e02eff3065b824.jpg,data_quadrant/train/images/train_31_png.rf.7882a35de62b7a0885e02eff3065b824__r1c0.jpg,1,0,0,602,1723,1504,2872,1504,1723,902,1,1,1,1,0
train,data/train/images/train_31_png.rf.7882a35de62b7a0885e02eff3065b824.jpg,data_quadrant/train/images/train_31_png.rf.7882a35de62b7a0885e02eff3065b824__r1c1.jpg,1,1,1149,602,2872,1504,2872,1504,1723,902,1,1,1,1,0
train,data/train/images/train_332_png.rf.49523164500fc314c94bc08114c8c2dd.jpg,data_quadrant/train/images/train_332_png.rf.49523164500fc314c94bc08114c8c2dd__r0c0.jpg,0,0,0,0,1789,790,2983,1316,1789,790,2,2,0,2,0
train,data/train/images/train_332_png.rf.49523164500fc314c94bc08114c8c2dd.jpg,data_quadrant/train/images/train_332_png.rf.49523164500fc314c94bc08114c8c2dd__r0c1.jpg,0,1,1193,0,2983,790,2983,1316,1790,790,2,2,1,2,0
train,data/train/images/train_332_png.rf.49523164500fc314c94bc08114c8c2dd.jpg,data_quadrant/train/images/train_332_png.rf.49523164500fc314c94bc08114c8c2dd__r1c0.jpg,1,0,0,526,1789,1316,2983,1316,1789,790,2,2,1,2,0
train,data/train/images/train_332_png.rf.49523164500fc314c94bc08114c8c2dd.jpg,data_quadrant/train/images/train_332_png.rf.49523164500fc314c94bc08114c8c2dd__r1c1.jpg,1,1,1193,526,2983,1316,2983,1316,1790,790,2,2,1,2,0
train,data/train/images/train_342_png.rf.bc1cca6a58af4b35fc3bc88d852019f8.jpg,data_quadrant/train/images/train_342_png.rf.bc1cca6a58af4b35fc3bc88d852019f8__r0c0.jpg,0,0,0,0,1765,790,2942,1316,1765,790,1,1,0,1,0
train,data/train/images/train_342_png.rf.bc1cca6a58af4b35fc3bc88d852019f8.jpg,data_quadrant/train/images/train_342_png.rf.bc1cca6a58af4b35fc3bc88d852019f8__r0c1.jpg,0,1,1177,0,2942,790,2942,1316,1765,790,1,1,0,1,0
train,data/train/images/train_342_png.rf.bc1cca6a58af4b35fc3bc88d852019f8.jpg,data_quadrant/train/images/train_342_png.rf.bc1cca6a58af4b35fc3bc88d852019f8__r1c0.jpg,1,0,0,526,1765,1316,2942,1316,1765,790,1,1,1,1,0
train,data/train/images/train_342_png.rf.bc1cca6a58af4b35fc3bc88d852019f8.jpg,data_quadrant/train/images/train_342_png.rf.bc1cca6a58af4b35fc3bc88d852019f8__r1c1.jpg,1,1,1177,526,2942,1316,2942,1316,1765,790,1,1,1,1,0
train,data/train/images/train_358_png.rf.1af68a4058eb379d3c738d92691bcf42.jpg,data_quadrant/train/images/train_358_png.rf.1af68a4058eb379d3c738d92691bcf42__r0c0.jpg,0,0,0,0,1717,790,2862,1316,1717,790,2,2,1,2,0
train,data/train/images/train_358_png.rf.1af68a4058eb379d3c738d92691bcf42.jpg,data_quadrant/train/images/train_358_png.rf.1af68a4058eb379d3c738d92691bcf42__r0c1.jpg,0,1,1145,0,2862,790,2862,1316,1717,790,2,2,0,2,0
train,data/train/images/train_358_png.rf.1af68a4058eb379d3c738d92691bcf42.jpg,data_quadrant/train/images/train_358_png.rf.1af68a4058eb379d3c738d92691bcf42__r1c0.jpg,1,0,0,526,1717,1316,2862,1316,1717,790,2,2,1,2,0
train,data/train/images/train_358_png.rf.1af68a4058eb379d3c738d92691bcf42.jpg,data_quadrant/train/images/train_358_png.rf.1af68a4058eb379d3c738d92691bcf42__r1c1.jpg,1,1,1145,526,2862,1316,2862,1316,1717,790,2,2,1,2,0
train,data/train/images/train_360_png.rf.79fd08b9e10c2ca0645a9b9943df0cc0.jpg,data_quadrant/train/images/train_360_png.rf.79fd08b9e10c2ca0645a9b9943df0cc0__r0c0.jpg,0,0,0,0,1723,902,2872,1504,1723,902,1,1,0,1,0
train,data/train/images/train_360_png.rf.79fd08b9e10c2ca0645a9b9943df0cc0.jpg,data_quadrant/train/images/train_360_png.rf.79fd08b9e10c2ca0645a9b9943df0cc0__r0c1.jpg,0,1,1149,0,2872,902,2872,1504,1723,902,1,1,0,1,0
train,data/train/images/train_360_png.rf.79fd08b9e10c2ca0645a9b9943df0cc0.jpg,data_quadrant/train/images/train_360_png.rf.79fd08b9e10c2ca0645a9b9943df0cc0__r1c0.jpg,1,0,0,602,1723,1504,2872,1504,1723,902,1,1,1,1,0
train,data/train/images/train_360_png.rf.79fd08b9e10c2ca0645a9b9943df0cc0.jpg,data_quadrant/train/images/train_360_png.rf.79fd08b9e10c2ca0645a9b9943df0cc0__r1c1.jpg,1,1,1149,602,2872,1504,2872,1504,1723,902,1,1,1,1,0
train,data/train/images/train_367_png.rf.d81051d756a60a7c8bf04b47df9ef182.jpg,data_quadrant/train/images/train_367_png.rf.d81051d756a60a7c8bf04b47df9ef182__r0c0.jpg,0,0,0,0,1703,790,2839,1316,1703,790,1,1,0,1,0
train,data/train/images/train_367_png.rf.d81051d756a60a7c8bf04b47df9ef182.jpg,data_quadrant/train/images/train_367_png.rf.d81051d756a60a7c8bf04b47df9ef182__r0c1.jpg,0,1,1135,0,2839,790,2839,1316,1704,790,1,1,1,1,0
train,data/train/images/train_367_png.rf.d81051d756a60a7c8bf04b47df9ef182.jpg,data_quadrant/train/images/train_367_png.rf.d81051d756a60a7c8bf04b47df9ef182__r1c0.jpg,1,0,0,526,1703,1316,2839,1316,1703,790,1,1,0,1,0
train,data/train/images/train_367_png.rf.d81051d756a60a7c8bf04b47df9ef182.jpg,data_quadrant/train/images/train_367_png.rf.d81051d756a60a7c8bf04b47df9ef182__r1c1.jpg,1,1,1135,526,2839,1316,2839,1316,1704,790,1,1,1,1,0
train,data/train/images/train_37_png.rf.7f9bea92c1a44dc44b72bc5ecb8e0a51.jpg,data_quadrant/train/images/train_37_png.rf.7f9bea92c1a44dc44b72bc5ecb8e0a51__r0c0.jpg,0,0,0,0,1723,902,2872,1504,1723,902,1,1,0,1,0
train,data/train/images/train_37_png.rf.7f9bea92c1a44dc44b72bc5ecb8e0a51.jpg,data_quadrant/train/images/train_37_png.rf.7f9bea92c1a44dc44b72bc5ecb8e0a51__r0c1.jpg,0,1,1149,0,2872,902,2872,1504,1723,902,1,1,0,1,0
train,data/train/images/train_37_png.rf.7f9bea92c1a44dc44b72bc5ecb8e0a51.jpg,data_quadrant/train/images/train_37_png.rf.7f9bea92c1a44dc44b72bc5ecb8e0a51__r1c0.jpg,1,0,0,602,1723,1504,2872,1504,1723,902,1,1,1,1,0
train,data/train/images/train_37_png.rf.7f9bea92c1a44dc44b72bc5ecb8e0a51.jpg,data_quadrant/train/images/train_37_png.rf.7f9bea92c1a44dc44b72bc5ecb8e0a51__r1c1.jpg,1,1,1149,602,2872,1504,2872,1504,1723,902,1,1,1,1,0
train,data/train/images/train_381_png.rf.4f003cd0787df3254ec3691c7524cbbf.jpg,data_quadrant/train/images/train_381_png.rf.4f003cd0787df3254ec3691c7524cbbf__r0c0.jpg,0,0,0,0,1770,790,2950,1316,1770,790,1,1,0,1,0
train,data/train/images/train_381_png.rf.4f003cd0787df3254ec3691c7524cbbf.jpg,data_quadrant/train/images/train_381_png.rf.4f003cd0787df3254ec3691c7524cbbf__r0c1.jpg,0,1,1180,0,2950,790,2950,1316,1770,790,1,1,0,1,0
train,data/train/images/train_381_png.rf.4f003cd0787df3254ec3691c7524cbbf.jpg,data_quadrant/train/images/train_381_png.rf.4f003cd0787df3254ec3691c7524cbbf__r1c0.jpg,1,0,0,526,1770,1316,2950,1316,1770,790,1,1,1,1,0
train,data/train/images/train_381_png.rf.4f003cd0787df3254ec3691c7524cbbf.jpg,data_quadrant/train/images/train_381_png.rf.4f003cd0787df3254ec3691c7524cbbf__r1c1.jpg,1,1,1180,526,2950,1316,2950,1316,1770,790,1,1,1,1,0
train,data/train/images/train_391_png.rf.781f0586045b5482674c5a1d6de79790.jpg,data_quadrant/train/images/train_391_png.rf.781f0586045b5482674c5a1d6de79790__r0c0.jpg,0,0,0,0,1730,902,2884,1504,1730,902,1,1,0,1,0
train,data/train/images/train_391_png.rf.781f0586045b5482674c5a1d6de79790.jpg,data_quadrant/train/images/train_391_png.rf.781f0586045b5482674c5a1d6de79790__r0c1.jpg,0,1,1154,0,2884,902,2884,1504,1730,902,1,1,1,1,0
train,data/train/images/train_391_png.rf.781f0586045b5482674c5a1d6de79790.jpg,data_quadrant/train/images/train_391_png.rf.781f0586045b5482674c5a1d6de79790__r1c0.jpg,1,0,0,602,1730,1504,2884,1504,1730,902,1,1,0,1,0
train,data/train/images/train_391_png.rf.781f0586045b5482674c5a1d6de79790.jpg,data_quadrant/train/images/train_391_png.rf.781f0586045b5482674c5a1d6de79790__r1c1.jpg,1,1,1154,602,2884,1504,2884,1504,1730,902,1,1,1,1,0
train,data/train/images/train_393_png.rf.cafa1e56a0c5c293fb1359b1ad30edec.jpg,data_quadrant/train/images/train_393_png.rf.cafa1e56a0c5c293fb1359b1ad30edec__r0c0.jpg,0,0,0,0,1723,902,2872,1504,1723,902,1,1,1,1,0
train,data/train/images/train_393_png.rf.cafa1e56a0c5c293fb1359b1ad30edec.jpg,data_quadrant/train/images/train_393_png.rf.cafa1e56a0c5c293fb1359b1ad30edec__r0c1.jpg,0,1,1149,0,2872,902,2872,1504,1723,902,1,1,1,1,0
train,data/train/images/train_393_png.rf.cafa1e56a0c5c293fb1359b1ad30edec.jpg,data_quadrant/train/images/train_393_png.rf.cafa1e56a0c5c293fb1359b1ad30edec__r1c0.jpg,1,0,0,602,1723,1504,2872,1504,1723,902,1,1,1,1,0
train,data/train/images/train_393_png.rf.cafa1e56a0c5c293fb1359b1ad30edec.jpg,data_quadrant/train/images/train_393_png.rf.cafa1e56a0c5c293fb1359b1ad30edec__r1c1.jpg,1,1,1149,602,2872,1504,2872,1504,1723,902,1,1,1,1,0
train,data/train/images/train_400_png.rf.f53a257ed63ad00d48a275c5df773aa0.jpg,data_quadrant/train/images/train_400_png.rf.f53a257ed63ad00d48a275c5df773aa0__r0c0.jpg,0,0,0,0,1708,790,2846,1316,1708,790,1,1,1,1,0
train,data/train/images/train_400_png.rf.f53a257ed63ad00d48a275c5df773aa0.jpg,data_quadrant/train/images/train_400_png.rf.f53a257ed63ad00d48a275c5df773aa0__r0c1.jpg,0,1,1138,0,2846,790,2846,1316,1708,790,1,1,0,1,0
train,data/train/images/train_400_png.rf.f53a257ed63ad00d48a275c5df773aa0.jpg,data_quadrant/train/images/train_400_png.rf.f53a257ed63ad00d48a275c5df773aa0__r1c0.jpg,1,0,0,526,1708,1316,2846,1316,1708,790,1,1,0,1,0
train,data/train/images/train_400_png.rf.f53a257ed63ad00d48a275c5df773aa0.jpg,data_quadrant/train/images/train_400_png.rf.f53a257ed63ad00d48a275c5df773aa0__r1c1.jpg,1,1,1138,526,2846,1316,2846,1316,1708,790,1,1,0,1,0
train,data/train/images/train_406_png.rf.5ce264df44a454a2855bb988a3ee3a7d.jpg,data_quadrant/train/images/train_406_png.rf.5ce264df44a454a2855bb988a3ee3a7d__r0c0.jpg,0,0,0,0,1714,790,2856,1316,1714,790,3,3,1,3,0
train,data/train/images/train_406_png.rf.5ce264df44a454a2855bb988a3ee3a7d.jpg,data_quadrant/train/images/train_406_png.rf.5ce264df44a454a2855bb988a3ee3a7d__r0c1.jpg,0,1,1142,0,2856,790,2856,1316,1714,790,3,3,1,3,0
train,data/train/images/train_406_png.rf.5ce264df44a454a2855bb988a3ee3a7d.jpg,data_quadrant/train/images/train_406_png.rf.5ce264df44a454a2855bb988a3ee3a7d__r1c0.jpg,1,0,0,526,1714,1316,2856,1316,1714,790,3,3,2,3,0
train,data/train/images/train_406_png.rf.5ce264df44a454a2855bb988a3ee3a7d.jpg,data_quadrant/train/images/train_406_png.rf.5ce264df44a454a2855bb988a3ee3a7d__r1c1.jpg,1,1,1142,526,2856,1316,2856,1316,1714,790,3,3,2,3,0
train,data/train/images/train_408_png.rf.f14140efbe0d27f57b0149b6ea308381.jpg,data_quadrant/train/images/train_408_png.rf.f14140efbe0d27f57b0149b6ea308381__r0c0.jpg,0,0,0,0,1778,790,2964,1316,1778,790,1,1,0,1,0
train,data/train/images/train_408_png.rf.f14140efbe0d27f57b0149b6ea308381.jpg,data_quadrant/train/images/train_408_png.rf.f14140efbe0d27f57b0149b6ea308381__r0c1.jpg,0,1,1186,0,2964,790,2964,1316,1778,790,1,1,1,1,0
train,data/train/images/train_408_png.rf.f14140efbe0d27f57b0149b6ea308381.jpg,data_quadrant/train/images/train_408_png.rf.f14140efbe0d27f57b0149b6ea308381__r1c0.jpg,1,0,0,526,1778,1316,2964,1316,1778,790,1,1,0,1,0
train,data/train/images/train_408_png.rf.f14140efbe0d27f57b0149b6ea308381.jpg,data_quadrant/train/images/train_408_png.rf.f14140efbe0d27f57b0149b6ea308381__r1c1.jpg,1,1,1186,526,2964,1316,2964,1316,1778,790,1,1,1,1,0
train,data/train/images/train_413_png.rf.54ede1ddb9eb96790d676981110488ff.jpg,data_quadrant/train/images/train_413_png.rf.54ede1ddb9eb96790d676981110488ff__r0c0.jpg,0,0,0,0,1744,790,2906,1316,1744,790,1,1,1,1,0
train,data/train/images/train_413_png.rf.54ede1ddb9eb96790d676981110488ff.jpg,data_quadrant/train/images/train_413_png.rf.54ede1ddb9eb96790d676981110488ff__r0c1.jpg,0,1,1162,0,2906,790,2906,1316,1744,790,1,1,0,1,0
train,data/train/images/train_413_png.rf.54ede1ddb9eb96790d676981110488ff.jpg,data_quadrant/train/images/train_413_png.rf.54ede1ddb9eb96790d676981110488ff__r1c0.jpg,1,0,0,526,1744,1316,2906,1316,1744,790,1,1,1,1,0
train,data/train/images/train_413_png.rf.54ede1ddb9eb96790d676981110488ff.jpg,data_quadrant/train/images/train_413_png.rf.54ede1ddb9eb96790d676981110488ff__r1c1.jpg,1,1,1162,526,2906,1316,2906,1316,1744,790,1,1,0,1,0
train,data/train/images/train_415_png.rf.168e3dd8ea5427ac5e26da854511b399.jpg,data_quadrant/train/images/train_415_png.rf.168e3dd8ea5427ac5e26da854511b399__r0c0.jpg,0,0,0,0,1778,790,2964,1316,1778,790,1,1,1,1,0
train,data/train/images/train_415_png.rf.168e3dd8ea5427ac5e26da854511b399.jpg,data_quadrant/train/images/train_415_png.rf.168e3dd8ea5427ac5e26da854511b399__r0c1.jpg,0,1,1186,0,2964,790,2964,1316,1778,790,1,1,1,1,0
train,data/train/images/train_415_png.rf.168e3dd8ea5427ac5e26da854511b399.jpg,data_quadrant/train/images/train_415_png.rf.168e3dd8ea5427ac5e26da854511b399__r1c0.jpg,1,0,0,526,1778,1316,2964,1316,1778,790,1,1,1,1,0
train,data/train/images/train_415_png.rf.168e3dd8ea5427ac5e26da854511b399.jpg,data_quadrant/train/images/train_415_png.rf.168e3dd8ea5427ac5e26da854511b399__r1c1.jpg,1,1,1186,526,2964,1316,2964,1316,1778,790,1,1,1,1,0
train,data/train/images/train_420_png.rf.9213bbaa1e14cd9a4403a51f774295cf.jpg,data_quadrant/train/images/train_420_png.rf.9213bbaa1e14cd9a4403a51f774295cf__r0c0.jpg,0,0,0,0,1730,902,2884,1504,1730,902,1,1,1,1,0
train,data/train/images/train_420_png.rf.9213bbaa1e14cd9a4403a51f774295cf.jpg,data_quadrant/train/images/train_420_png.rf.9213bbaa1e14cd9a4403a51f774295cf__r0c1.jpg,0,1,1154,0,2884,902,2884,1504,1730,902,1,1,0,1,0
train,data/train/images/train_420_png.rf.9213bbaa1e14cd9a4403a51f774295cf.jpg,data_quadrant/train/images/train_420_png.rf.9213bbaa1e14cd9a4403a51f774295cf__r1c0.jpg,1,0,0,602,1730,1504,2884,1504,1730,902,1,1,1,1,0
train,data/train/images/train_420_png.rf.9213bbaa1e14cd9a4403a51f774295cf.jpg,data_quadrant/train/images/train_420_png.rf.9213bbaa1e14cd9a4403a51f774295cf__r1c1.jpg,1,1,1154,602,2884,1504,2884,1504,1730,902,1,1,0,1,0
train,data/train/images/train_422_png.rf.4ea537873f1027e1189089d331a02a0b.jpg,data_quadrant/train/images/train_422_png.rf.4ea537873f1027e1189089d331a02a0b__r0c0.jpg,0,0,0,0,1702,790,2836,1316,1702,790,1,1,1,1,0
train,data/train/images/train_422_png.rf.4ea537873f1027e1189089d331a02a0b.jpg,data_quadrant/train/images/train_422_png.rf.4ea537873f1027e1189089d331a02a0b__r0c1.jpg,0,1,1134,0,2836,790,2836,1316,1702,790,1,1,0,1,0
train,data/train/images/train_422_png.rf.4ea537873f1027e1189089d331a02a0b.jpg,data_quadrant/train/images/train_422_png.rf.4ea537873f1027e1189089d331a02a0b__r1c0.jpg,1,0,0,526,1702,1316,2836,1316,1702,790,1,1,1,1,0
train,data/train/images/train_422_png.rf.4ea537873f1027e1189089d331a02a0b.jpg,data_quadrant/train/images/train_422_png.rf.4ea537873f1027e1189089d331a02a0b__r1c1.jpg,1,1,1134,526,2836,1316,2836,1316,1702,790,1,1,0,1,0
train,data/train/images/train_456_png.rf.7a7cfd458c7f97bc3553d8062425ad21.jpg,data_quadrant/train/images/train_456_png.rf.7a7cfd458c7f97bc3553d8062425ad21__r0c0.jpg,0,0,0,0,1679,790,2799,1316,1679,790,1,1,0,1,0
train,data/train/images/train_456_png.rf.7a7cfd458c7f97bc3553d8062425ad21.jpg,data_quadrant/train/images/train_456_png.rf.7a7cfd458c7f97bc3553d8062425ad21__r0c1.jpg,0,1,1119,0,2799,790,2799,1316,1680,790,1,1,1,1,0
train,data/train/images/train_456_png.rf.7a7cfd458c7f97bc3553d8062425ad21.jpg,data_quadrant/train/images/train_456_png.rf.7a7cfd458c7f97bc3553d8062425ad21__r1c0.jpg,1,0,0,526,1679,1316,2799,1316,1679,790,1,1,0,1,0
train,data/train/images/train_456_png.rf.7a7cfd458c7f97bc3553d8062425ad21.jpg,data_quadrant/train/images/train_456_png.rf.7a7cfd458c7f97bc3553d8062425ad21__r1c1.jpg,1,1,1119,526,2799,1316,2799,1316,1680,790,1,1,1,1,0
train,data/train/images/train_461_png.rf.d3810e70f4d3ffc85081a0759c4c7213.jpg,data_quadrant/train/images/train_461_png.rf.d3810e70f4d3ffc85081a0759c4c7213__r0c0.jpg,0,0,0,0,1699,790,2833,1316,1699,790,1,1,1,1,0
train,data/train/images/train_461_png.rf.d3810e70f4d3ffc85081a0759c4c7213.jpg,data_quadrant/train/images/train_461_png.rf.d3810e70f4d3ffc85081a0759c4c7213__r0c1.jpg,0,1,1133,0,2833,790,2833,1316,1700,790,1,1,1,1,0
train,data/train/images/train_461_png.rf.d3810e70f4d3ffc85081a0759c4c7213.jpg,data_quadrant/train/images/train_461_png.rf.d3810e70f4d3ffc85081a0759c4c7213__r1c0.jpg,1,0,0,526,1699,1316,2833,1316,1699,790,1,1,1,1,0
train,data/train/images/train_461_png.rf.d3810e70f4d3ffc85081a0759c4c7213.jpg,data_quadrant/train/images/train_461_png.rf.d3810e70f4d3ffc85081a0759c4c7213__r1c1.jpg,1,1,1133,526,2833,1316,2833,1316,1700,790,1,1,1,1,0
train,data/train/images/train_462_png.rf.e1496a51304cd58e360455482a170b7f.jpg,data_quadrant/train/images/train_462_png.rf.e1496a51304cd58e360455482a170b7f__r0c0.jpg,0,0,0,0,1723,902,2872,1504,1723,902,2,2,2,2,0
train,data/train/images/train_462_png.rf.e1496a51304cd58e360455482a170b7f.jpg,data_quadrant/train/images/train_462_png.rf.e1496a51304cd58e360455482a170b7f__r0c1.jpg,0,1,1149,0,2872,902,2872,1504,1723,902,2,2,0,2,0
train,data/train/images/train_462_png.rf.e1496a51304cd58e360455482a170b7f.jpg,data_quadrant/train/images/train_462_png.rf.e1496a51304cd58e360455482a170b7f__r1c0.jpg,1,0,0,602,1723,1504,2872,1504,1723,902,2,2,2,2,0
train,data/train/images/train_462_png.rf.e1496a51304cd58e360455482a170b7f.jpg,data_quadrant/train/images/train_462_png.rf.e1496a51304cd58e360455482a170b7f__r1c1.jpg,1,1,1149,602,2872,1504,2872,1504,1723,902,2,2,0,2,0
train,data/train/images/train_463_png.rf.33fe6eda77ba094b01e30e3e81001bb8.jpg,data_quadrant/train/images/train_463_png.rf.33fe6eda77ba094b01e30e3e81001bb8__r0c0.jpg,0,0,0,0,1694,790,2824,1316,1694,790,3,3,1,3,0
train,data/train/images/train_463_png.rf.33fe6eda77ba094b01e30e3e81001bb8.jpg,data_quadrant/train/images/train_463_png.rf.33fe6eda77ba094b01e30e3e81001bb8__r0c1.jpg,0,1,1130,0,2824,790,2824,1316,1694,790,3,3,0,3,0
train,data/train/images/train_463_png.rf.33fe6eda77ba094b01e30e3e81001bb8.jpg,data_quadrant/train/images/train_463_png.rf.33fe6eda77ba094b01e30e3e81001bb8__r1c0.jpg,1,0,0,526,1694,1316,2824,1316,1694,790,3,3,2,3,0
train,data/train/images/train_463_png.rf.33fe6eda77ba094b01e30e3e81001bb8.jpg,data_quadrant/train/images/train_463_png.rf.33fe6eda77ba094b01e30e3e81001bb8__r1c1.jpg,1,1,1130,526,2824,1316,2824,1316,1694,790,3,3,1,3,0
train,data/train/images/train_474_png.rf.04ffbfc7de2eae4b093456a3496f7268.jpg,data_quadrant/train/images/train_474_png.rf.04ffbfc7de2eae4b093456a3496f7268__r0c0.jpg,0,0,0,0,1734,790,2890,1316,1734,790,1,1,0,1,0
train,data/train/images/train_474_png.rf.04ffbfc7de2eae4b093456a3496f7268.jpg,data_quadrant/train/images/train_474_png.rf.04ffbfc7de2eae4b093456a3496f7268__r0c1.jpg,0,1,1156,0,2890,790,2890,1316,1734,790,1,1,1,1,0
train,data/train/images/train_474_png.rf.04ffbfc7de2eae4b093456a3496f7268.jpg,data_quadrant/train/images/train_474_png.rf.04ffbfc7de2eae4b093456a3496f7268__r1c0.jpg,1,0,0,526,1734,1316,2890,1316,1734,790,1,1,0,1,0
train,data/train/images/train_474_png.rf.04ffbfc7de2eae4b093456a3496f7268.jpg,data_quadrant/train/images/train_474_png.rf.04ffbfc7de2eae4b093456a3496f7268__r1c1.jpg,1,1,1156,526,2890,1316,2890,1316,1734,790,1,1,1,1,0
train,data/train/images/train_479_png.rf.5de2087d8b69ea10dc2bbdfa94c48544.jpg,data_quadrant/train/images/train_479_png.rf.5de2087d8b69ea10dc2bbdfa94c48544__r0c0.jpg,0,0,0,0,1723,902,2872,1504,1723,902,2,2,1,2,0
train,data/train/images/train_479_png.rf.5de2087d8b69ea10dc2bbdfa94c48544.jpg,data_quadrant/train/images/train_479_png.rf.5de2087d8b69ea10dc2bbdfa94c48544__r0c1.jpg,0,1,1149,0,2872,902,2872,1504,1723,902,2,2,2,2,0
train,data/train/images/train_479_png.rf.5de2087d8b69ea10dc2bbdfa94c48544.jpg,data_quadrant/train/images/train_479_png.rf.5de2087d8b69ea10dc2bbdfa94c48544__r1c0.jpg,1,0,0,602,1723,1504,2872,1504,1723,902,2,2,1,2,0
train,data/train/images/train_479_png.rf.5de2087d8b69ea10dc2bbdfa94c48544.jpg,data_quadrant/train/images/train_479_png.rf.5de2087d8b69ea10dc2bbdfa94c48544__r1c1.jpg,1,1,1149,602,2872,1504,2872,1504,1723,902,2,2,2,2,0
train,data/train/images/train_481_png.rf.48e0f165b7c95bc2031d4052a6045e36.jpg,data_quadrant/train/images/train_481_png.rf.48e0f165b7c95bc2031d4052a6045e36__r0c0.jpg,0,0,0,0,1488,902,2480,1504,1488,902,1,1,1,1,0
train,data/train/images/train_481_png.rf.48e0f165b7c95bc2031d4052a6045e36.jpg,data_quadrant/train/images/train_481_png.rf.48e0f165b7c95bc2031d4052a6045e36__r0c1.jpg,0,1,992,0,2480,902,2480,1504,1488,902,1,1,0,1,0
train,data/train/images/train_481_png.rf.48e0f165b7c95bc2031d4052a6045e36.jpg,data_quadrant/train/images/train_481_png.rf.48e0f165b7c95bc2031d4052a6045e36__r1c0.jpg,1,0,0,602,1488,1504,2480,1504,1488,902,1,1,1,1,0
train,data/train/images/train_481_png.rf.48e0f165b7c95bc2031d4052a6045e36.jpg,data_quadrant/train/images/train_481_png.rf.48e0f165b7c95bc2031d4052a6045e36__r1c1.jpg,1,1,992,602,2480,1504,2480,1504,1488,902,1,1,0,1,0
train,data/train/images/train_501_png.rf.977aeb65c869b4e2845974aea451199c.jpg,data_quadrant/train/images/train_501_png.rf.977aeb65c869b4e2845974aea451199c__r0c0.jpg,0,0,0,0,1694,790,2824,1316,1694,790,1,1,0,1,0
train,data/train/images/train_501_png.rf.977aeb65c869b4e2845974aea451199c.jpg,data_quadrant/train/images/train_501_png.rf.977aeb65c869b4e2845974aea451199c__r0c1.jpg,0,1,1130,0,2824,790,2824,1316,1694,790,1,1,1,1,0
train,data/train/images/train_501_png.rf.977aeb65c869b4e2845974aea451199c.jpg,data_quadrant/train/images/train_501_png.rf.977aeb65c869b4e2845974aea451199c__r1c0.jpg,1,0,0,526,1694,1316,2824,1316,1694,790,1,1,0,1,0
train,data/train/images/train_501_png.rf.977aeb65c869b4e2845974aea451199c.jpg,data_quadrant/train/images/train_501_png.rf.977aeb65c869b4e2845974aea451199c__r1c1.jpg,1,1,1130,526,2824,1316,2824,1316,1694,790,1,1,0,1,0
train,data/train/images/train_523_png.rf.d9255186e9fb4722ac28c9e19a1e842b.jpg,data_quadrant/train/images/train_523_png.rf.d9255186e9fb4722ac28c9e19a1e842b__r0c0.jpg,0,0,0,0,1765,790,2942,1316,1765,790,1,1,0,1,0
train,data/train/images/train_523_png.rf.d9255186e9fb4722ac28c9e19a1e842b.jpg,data_quadrant/train/images/train_523_png.rf.d9255186e9fb4722ac28c9e19a1e842b__r0c1.jpg,0,1,1177,0,2942,790,2942,1316,1765,790,1,1,1,1,0
train,data/train/images/train_523_png.rf.d9255186e9fb4722ac28c9e19a1e842b.jpg,data_quadrant/train/images/train_523_png.rf.d9255186e9fb4722ac28c9e19a1e842b__r1c0.jpg,1,0,0,526,1765,1316,2942,1316,1765,790,1,1,0,1,0
train,data/train/images/train_523_png.rf.d9255186e9fb4722ac28c9e19a1e842b.jpg,data_quadrant/train/images/train_523_png.rf.d9255186e9fb4722ac28c9e19a1e842b__r1c1.jpg,1,1,1177,526,2942,1316,2942,1316,1765,790,1,1,0,1,0
train,data/train/images/train_531_png.rf.689ca61ec95823c5150877d8c289e4cd.jpg,data_quadrant/train/images/train_531_png.rf.689ca61ec95823c5150877d8c289e4cd__r0c0.jpg,0,0,0,0,1723,902,2872,1504,1723,902,2,2,1,2,0
train,data/train/images/train_531_png.rf.689ca61ec95823c5150877d8c289e4cd.jpg,data_quadrant/train/images/train_531_png.rf.689ca61ec95823c5150877d8c289e4cd__r0c1.jpg,0,1,1149,0,2872,902,2872,1504,1723,902,2,2,1,2,0
train,data/train/images/train_531_png.rf.689ca61ec95823c5150877d8c289e4cd.jpg,data_quadrant/train/images/train_531_png.rf.689ca61ec95823c5150877d8c289e4cd__r1c0.jpg,1,0,0,602,1723,1504,2872,1504,1723,902,2,2,1,2,0
train,data/train/images/train_531_png.rf.689ca61ec95823c5150877d8c289e4cd.jpg,data_quadrant/train/images/train_531_png.rf.689ca61ec95823c5150877d8c289e4cd__r1c1.jpg,1,1,1149,602,2872,1504,2872,1504,1723,902,2,2,2,2,0
train,data/train/images/train_532_png.rf.60d070fc7ecca35b9d3fb2bf251649f1.jpg,data_quadrant/train/images/train_532_png.rf.60d070fc7ecca35b9d3fb2bf251649f1__r0c0.jpg,0,0,0,0,1721,902,2868,1504,1721,902,3,3,2,3,0
train,data/train/images/train_532_png.rf.60d070fc7ecca35b9d3fb2bf251649f1.jpg,data_quadrant/train/images/train_532_png.rf.60d070fc7ecca35b9d3fb2bf251649f1__r0c1.jpg,0,1,1147,0,2868,902,2868,1504,1721,902,3,3,2,3,0
train,data/train/images/train_532_png.rf.60d070fc7ecca35b9d3fb2bf251649f1.jpg,data_quadrant/train/images/train_532_png.rf.60d070fc7ecca35b9d3fb2bf251649f1__r1c0.jpg,1,0,0,602,1721,1504,2868,1504,1721,902,3,3,2,3,0
train,data/train/images/train_532_png.rf.60d070fc7ecca35b9d3fb2bf251649f1.jpg,data_quadrant/train/images/train_532_png.rf.60d070fc7ecca35b9d3fb2bf251649f1__r1c1.jpg,1,1,1147,602,2868,1504,2868,1504,1721,902,3,3,2,3,0
train,data/train/images/train_541_png.rf.1e6499e05fc89293037ba8e75e50b8a9.jpg,data_quadrant/train/images/train_541_png.rf.1e6499e05fc89293037ba8e75e50b8a9__r0c0.jpg,0,0,0,0,1637,790,2729,1316,1637,790,1,1,0,1,0
train,data/train/images/train_541_png.rf.1e6499e05fc89293037ba8e75e50b8a9.jpg,data_quadrant/train/images/train_541_png.rf.1e6499e05fc89293037ba8e75e50b8a9__r0c1.jpg,0,1,1091,0,2729,790,2729,1316,1638,790,1,1,0,1,0
train,data/train/images/train_541_png.rf.1e6499e05fc89293037ba8e75e50b8a9.jpg,data_quadrant/train/images/train_541_png.rf.1e6499e05fc89293037ba8e75e50b8a9__r1c0.jpg,1,0,0,526,1637,1316,2729,1316,1637,790,1,1,0,1,0
train,data/train/images/train_541_png.rf.1e6499e05fc89293037ba8e75e50b8a9.jpg,data_quadrant/train/images/train_541_png.rf.1e6499e05fc89293037ba8e75e50b8a9__r1c1.jpg,1,1,1091,526,2729,1316,2729,1316,1638,790,1,1,1,1,0
train,data/train/images/train_555_png.rf.da7af61f3ac0e933e39a584053e59389.jpg,data_quadrant/train/images/train_555_png.rf.da7af61f3ac0e933e39a584053e59389__r0c0.jpg,0,0,0,0,1697,790,2828,1316,1697,790,1,1,1,1,0
train,data/train/images/train_555_png.rf.da7af61f3ac0e933e39a584053e59389.jpg,data_quadrant/train/images/train_555_png.rf.da7af61f3ac0e933e39a584053e59389__r0c1.jpg,0,1,1131,0,2828,790,2828,1316,1697,790,1,1,1,1,0
train,data/train/images/train_555_png.rf.da7af61f3ac0e933e39a584053e59389.jpg,data_quadrant/train/images/train_555_png.rf.da7af61f3ac0e933e39a584053e59389__r1c0.jpg,1,0,0,526,1697,1316,2828,1316,1697,790,1,1,1,1,0
train,data/train/images/train_555_png.rf.da7af61f3ac0e933e39a584053e59389.jpg,data_quadrant/train/images/train_555_png.rf.da7af61f3ac0e933e39a584053e59389__r1c1.jpg,1,1,1131,526,2828,1316,2828,1316,1697,790,1,1,1,1,0
train,data/train/images/train_556_png.rf.55405705327056ec84fb5fd0977a32bf.jpg,data_quadrant/train/images/train_556_png.rf.55405705327056ec84fb5fd0977a32bf__r0c0.jpg,0,0,0,0,1636,790,2727,1316,1636,790,1,1,0,1,0
train,data/train/images/train_556_png.rf.55405705327056ec84fb5fd0977a32bf.jpg,data_quadrant/train/images/train_556_png.rf.55405705327056ec84fb5fd0977a32bf__r0c1.jpg,0,1,1090,0,2727,790,2727,1316,1637,790,1,1,0,1,0
train,data/train/images/train_556_png.rf.55405705327056ec84fb5fd0977a32bf.jpg,data_quadrant/train/images/train_556_png.rf.55405705327056ec84fb5fd0977a32bf__r1c0.jpg,1,0,0,526,1636,1316,2727,1316,1636,790,1,1,1,1,0
train,data/train/images/train_556_png.rf.55405705327056ec84fb5fd0977a32bf.jpg,data_quadrant/train/images/train_556_png.rf.55405705327056ec84fb5fd0977a32bf__r1c1.jpg,1,1,1090,526,2727,1316,2727,1316,1637,790,1,1,0,1,0
train,data/train/images/train_55_png.rf.2eb3212dfab0010f7048fd5ad519f818.jpg,data_quadrant/train/images/train_55_png.rf.2eb3212dfab0010f7048fd5ad519f818__r0c0.jpg,0,0,0,0,1723,902,2872,1504,1723,902,2,2,2,2,0
train,data/train/images/train_55_png.rf.2eb3212dfab0010f7048fd5ad519f818.jpg,data_quadrant/train/images/train_55_png.rf.2eb3212dfab0010f7048fd5ad519f818__r0c1.jpg,0,1,1149,0,2872,902,2872,1504,1723,902,2,2,1,2,0
train,data/train/images/train_55_png.rf.2eb3212dfab0010f7048fd5ad519f818.jpg,data_quadrant/train/images/train_55_png.rf.2eb3212dfab0010f7048fd5ad519f818__r1c0.jpg,1,0,0,602,1723,1504,2872,1504,1723,902,2,2,2,2,0
train,data/train/images/train_55_png.rf.2eb3212dfab0010f7048fd5ad519f818.jpg,data_quadrant/train/images/train_55_png.rf.2eb3212dfab0010f7048fd5ad519f818__r1c1.jpg,1,1,1149,602,2872,1504,2872,1504,1723,902,2,2,1,2,0
train,data/train/images/train_562_png.rf.639852eaab67f79ff62b20011ceb7148.jpg,data_quadrant/train/images/train_562_png.rf.639852eaab67f79ff62b20011ceb7148__r0c0.jpg,0,0,0,0,1721,902,2868,1504,1721,902,1,1,1,1,0
train,data/train/images/train_562_png.rf.639852eaab67f79ff62b20011ceb7148.jpg,data_quadrant/train/images/train_562_png.rf.639852eaab67f79ff62b20011ceb7148__r0c1.jpg,0,1,1147,0,2868,902,2868,1504,1721,902,1,1,1,1,0
train,data/train/images/train_562_png.rf.639852eaab67f79ff62b20011ceb7148.jpg,data_quadrant/train/images/train_562_png.rf.639852eaab67f79ff62b20011ceb7148__r1c0.jpg,1,0,0,602,1721,1504,2868,1504,1721,902,1,1,1,1,0
train,data/train/images/train_562_png.rf.639852eaab67f79ff62b20011ceb7148.jpg,data_quadrant/train/images/train_562_png.rf.639852eaab67f79ff62b20011ceb7148__r1c1.jpg,1,1,1147,602,2868,1504,2868,1504,1721,902,1,1,1,1,0
train,data/train/images/train_564_png.rf.b1615ecdbaad1d6ab549b56945a337a0.jpg,data_quadrant/train/images/train_564_png.rf.b1615ecdbaad1d6ab549b56945a337a0__r0c0.jpg,0,0,0,0,1186,586,1976,976,1186,586,2,2,1,2,0
train,data/train/images/train_564_png.rf.b1615ecdbaad1d6ab549b56945a337a0.jpg,data_quadrant/train/images/train_564_png.rf.b1615ecdbaad1d6ab549b56945a337a0__r0c1.jpg,0,1,790,0,1976,586,1976,976,1186,586,2,2,0,2,0
train,data/train/images/train_564_png.rf.b1615ecdbaad1d6ab549b56945a337a0.jpg,data_quadrant/train/images/train_564_png.rf.b1615ecdbaad1d6ab549b56945a337a0__r1c0.jpg,1,0,0,390,1186,976,1976,976,1186,586,2,2,2,2,0
train,data/train/images/train_564_png.rf.b1615ecdbaad1d6ab549b56945a337a0.jpg,data_quadrant/train/images/train_564_png.rf.b1615ecdbaad1d6ab549b56945a337a0__r1c1.jpg,1,1,790,390,1976,976,1976,976,1186,586,2,2,1,2,0
train,data/train/images/train_56_png.rf.3344f6ea9e3f89112519aaf8384649ad.jpg,data_quadrant/train/images/train_56_png.rf.3344f6ea9e3f89112519aaf8384649ad__r0c0.jpg,0,0,0,0,1723,902,2872,1504,1723,902,1,1,0,1,0
train,data/train/images/train_56_png.rf.3344f6ea9e3f89112519aaf8384649ad.jpg,data_quadrant/train/images/train_56_png.rf.3344f6ea9e3f89112519aaf8384649ad__r0c1.jpg,0,1,1149,0,2872,902,2872,1504,1723,902,1,1,0,1,0
train,data/train/images/train_56_png.rf.3344f6ea9e3f89112519aaf8384649ad.jpg,data_quadrant/train/images/train_56_png.rf.3344f6ea9e3f89112519aaf8384649ad__r1c0.jpg,1,0,0,602,1723,1504,2872,1504,1723,902,1,1,0,1,0
train,data/train/images/train_56_png.rf.3344f6ea9e3f89112519aaf8384649ad.jpg,data_quadrant/train/images/train_56_png.rf.3344f6ea9e3f89112519aaf8384649ad__r1c1.jpg,1,1,1149,602,2872,1504,2872,1504,1723,902,1,1,1,1,0
train,data/train/images/train_575_png.rf.34895224cd7f3a44163fa6f9349d871a.jpg,data_quadrant/train/images/train_575_png.rf.34895224cd7f3a44163fa6f9349d871a__r0c0.jpg,0,0,0,0,1534,902,2556,1504,1534,902,3,3,1,3,0
train,data/train/images/train_575_png.rf.34895224cd7f3a44163fa6f9349d871a.jpg,data_quadrant/train/images/train_575_png.rf.34895224cd7f3a44163fa6f9349d871a__r0c1.jpg,0,1,1022,0,2556,902,2556,1504,1534,902,3,3,2,3,0
train,data/train/images/train_575_png.rf.34895224cd7f3a44163fa6f9349d871a.jpg,data_quadrant/train/images/train_575_png.rf.34895224cd7f3a44163fa6f9349d871a__r1c0.jpg,1,0,0,602,1534,1504,2556,1504,1534,902,3,3,1,3,0
train,data/train/images/train_575_png.rf.34895224cd7f3a44163fa6f9349d871a.jpg,data_quadrant/train/images/train_575_png.rf.34895224cd7f3a44163fa6f9349d871a__r1c1.jpg,1,1,1022,602,2556,1504,2556,1504,1534,902,3,3,2,3,0
train,data/train/images/train_582_png.rf.620b69f3be5a991d87b1d444dc4638c4.jpg,data_quadrant/train/images/train_582_png.rf.620b69f3be5a991d87b1d444dc4638c4__r0c0.jpg,0,0,0,0,1786,790,2977,1316,1786,790,2,2,1,2,0
train,data/train/images/train_582_png.rf.620b69f3be5a991d87b1d444dc4638c4.jpg,data_quadrant/train/images/train_582_png.rf.620b69f3be5a991d87b1d444dc4638c4__r0c1.jpg,0,1,1190,0,2977,790,2977,1316,1787,790,2,2,1,2,0
train,data/train/images/train_582_png.rf.620b69f3be5a991d87b1d444dc4638c4.jpg,data_quadrant/train/images/train_582_png.rf.620b69f3be5a991d87b1d444dc4638c4__r1c0.jpg,1,0,0,526,1786,1316,2977,1316,1786,790,2,2,1,2,0
train,data/train/images/train_582_png.rf.620b69f3be5a991d87b1d444dc4638c4.jpg,data_quadrant/train/images/train_582_png.rf.620b69f3be5a991d87b1d444dc4638c4__r1c1.jpg,1,1,1190,526,2977,1316,2977,1316,1787,790,2,2,1,2,0
train,data/train/images/train_583_png.rf.d6e24f614b06fce78c2be0d9574a2596.jpg,data_quadrant/train/images/train_583_png.rf.d6e24f614b06fce78c2be0d9574a2596__r0c0.jpg,0,0,0,0,1703,790,2839,1316,1703,790,3,3,2,3,0
train,data/train/images/train_583_png.rf.d6e24f614b06fce78c2be0d9574a2596.jpg,data_quadrant/train/images/train_583_png.rf.d6e24f614b06fce78c2be0d9574a2596__r0c1.jpg,0,1,1135,0,2839,790,2839,1316,1704,790,3,3,2,3,0
train,data/train/images/train_583_png.rf.d6e24f614b06fce78c2be0d9574a2596.jpg,data_quadrant/train/images/train_583_png.rf.d6e24f614b06fce78c2be0d9574a2596__r1c0.jpg,1,0,0,526,1703,1316,2839,1316,1703,790,3,3,2,3,0
train,data/train/images/train_583_png.rf.d6e24f614b06fce78c2be0d9574a2596.jpg,data_quadrant/train/images/train_583_png.rf.d6e24f614b06fce78c2be0d9574a2596__r1c1.jpg,1,1,1135,526,2839,1316,2839,1316,1704,790,3,3,2,3,0
train,data/train/images/train_592_png.rf.1dfb6348c2ce5f5fc8d152821ec21516.jpg,data_quadrant/train/images/train_592_png.rf.1dfb6348c2ce5f5fc8d152821ec21516__r0c0.jpg,0,0,0,0,1730,902,2884,1504,1730,902,1,1,0,1,0
train,data/train/images/train_592_png.rf.1dfb6348c2ce5f5fc8d152821ec21516.jpg,data_quadrant/train/images/train_592_png.rf.1dfb6348c2ce5f5fc8d152821ec21516__r0c1.jpg,0,1,1154,0,2884,902,2884,1504,1730,902,1,1,1,1,0
train,data/train/images/train_592_png.rf.1dfb6348c2ce5f5fc8d152821ec21516.jpg,data_quadrant/train/images/train_592_png.rf.1dfb6348c2ce5f5fc8d152821ec21516__r1c0.jpg,1,0,0,602,1730,1504,2884,1504,1730,902,1,1,0,1,0
train,data/train/images/train_592_png.rf.1dfb6348c2ce5f5fc8d152821ec21516.jpg,data_quadrant/train/images/train_592_png.rf.1dfb6348c2ce5f5fc8d152821ec21516__r1c1.jpg,1,1,1154,602,2884,1504,2884,1504,1730,902,1,1,1,1,0
train,data/train/images/train_596_png.rf.ddb44b078ca706a0fa438ebe8fe99604.jpg,data_quadrant/train/images/train_596_png.rf.ddb44b078ca706a0fa438ebe8fe99604__r0c0.jpg,0,0,0,0,1687,790,2812,1316,1687,790,1,1,1,1,0
train,data/train/images/train_596_png.rf.ddb44b078ca706a0fa438ebe8fe99604.jpg,data_quadrant/train/images/train_596_png.rf.ddb44b078ca706a0fa438ebe8fe99604__r0c1.jpg,0,1,1125,0,2812,790,2812,1316,1687,790,1,1,0,1,0
train,data/train/images/train_596_png.rf.ddb44b078ca706a0fa438ebe8fe99604.jpg,data_quadrant/train/images/train_596_png.rf.ddb44b078ca706a0fa438ebe8fe99604__r1c0.jpg,1,0,0,526,1687,1316,2812,1316,1687,790,1,1,1,1,0
train,data/train/images/train_596_png.rf.ddb44b078ca706a0fa438ebe8fe99604.jpg,data_quadrant/train/images/train_596_png.rf.ddb44b078ca706a0fa438ebe8fe99604__r1c1.jpg,1,1,1125,526,2812,1316,2812,1316,1687,790,1,1,0,1,0
train,data/train/images/train_604_png.rf.34bff0d99bcabf26cb7b7176656fe415.jpg,data_quadrant/train/images/train_604_png.rf.34bff0d99bcabf26cb7b7176656fe415__r0c0.jpg,0,0,0,0,1720,790,2867,1316,1720,790,1,1,1,1,0
train,data/train/images/train_604_png.rf.34bff0d99bcabf26cb7b7176656fe415.jpg,data_quadrant/train/images/train_604_png.rf.34bff0d99bcabf26cb7b7176656fe415__r0c1.jpg,0,1,1146,0,2867,790,2867,1316,1721,790,1,1,0,1,0
train,data/train/images/train_604_png.rf.34bff0d99bcabf26cb7b7176656fe415.jpg,data_quadrant/train/images/train_604_png.rf.34bff0d99bcabf26cb7b7176656fe415__r1c0.jpg,1,0,0,526,1720,1316,2867,1316,1720,790,1,1,1,1,0
train,data/train/images/train_604_png.rf.34bff0d99bcabf26cb7b7176656fe415.jpg,data_quadrant/train/images/train_604_png.rf.34bff0d99bcabf26cb7b7176656fe415__r1c1.jpg,1,1,1146,526,2867,1316,2867,1316,1721,790,1,1,0,1,0
train,data/train/images/train_621_png.rf.d7393d44ab843a8ce730c6ece3caca15.jpg,data_quadrant/train/images/train_621_png.rf.d7393d44ab843a8ce730c6ece3caca15__r0c0.jpg,0,0,0,0,1802,790,3004,1316,1802,790,2,2,0,2,0
train,data/train/images/train_621_png.rf.d7393d44ab843a8ce730c6ece3caca15.jpg,data_quadrant/train/images/train_621_png.rf.d7393d44ab843a8ce730c6ece3caca15__r0c1.jpg,0,1,1202,0,3004,790,3004,1316,1802,790,2,2,1,2,0
train,data/train/images/train_621_png.rf.d7393d44ab843a8ce730c6ece3caca15.jpg,data_quadrant/train/images/train_621_png.rf.d7393d44ab843a8ce730c6ece3caca15__r1c0.jpg,1,0,0,526,1802,1316,3004,1316,1802,790,2,2,0,2,0
train,data/train/images/train_621_png.rf.d7393d44ab843a8ce730c6ece3caca15.jpg,data_quadrant/train/images/train_621_png.rf.d7393d44ab843a8ce730c6ece3caca15__r1c1.jpg,1,1,1202,526,3004,1316,3004,1316,1802,790,2,2,1,2,0
train,data/train/images/train_622_png.rf.9e9a7a918c0aaf2c0df820a0e06d34ee.jpg,data_quadrant/train/images/train_622_png.rf.9e9a7a918c0aaf2c0df820a0e06d34ee__r0c0.jpg,0,0,0,0,1786,790,2977,1316,1786,790,1,1,0,1,0
train,data/train/images/train_622_png.rf.9e9a7a918c0aaf2c0df820a0e06d34ee.jpg,data_quadrant/train/images/train_622_png.rf.9e9a7a918c0aaf2c0df820a0e06d34ee__r0c1.jpg,0,1,1190,0,2977,790,2977,1316,1787,790,1,1,1,1,0
train,data/train/images/train_622_png.rf.9e9a7a918c0aaf2c0df820a0e06d34ee.jpg,data_quadrant/train/images/train_622_png.rf.9e9a7a918c0aaf2c0df820a0e06d34ee__r1c0.jpg,1,0,0,526,1786,1316,2977,1316,1786,790,1,1,1,1,0
train,data/train/images/train_622_png.rf.9e9a7a918c0aaf2c0df820a0e06d34ee.jpg,data_quadrant/train/images/train_622_png.rf.9e9a7a918c0aaf2c0df820a0e06d34ee__r1c1.jpg,1,1,1190,526,2977,1316,2977,1316,1787,790,1,1,1,1,0
train,data/train/images/train_625_png.rf.6f1cbd35a1b0484838d5be0d619ae4e2.jpg,data_quadrant/train/images/train_625_png.rf.6f1cbd35a1b0484838d5be0d619ae4e2__r0c0.jpg,0,0,0,0,1654,790,2756,1316,1654,790,1,1,0,1,0
train,data/train/images/train_625_png.rf.6f1cbd35a1b0484838d5be0d619ae4e2.jpg,data_quadrant/train/images/train_625_png.rf.6f1cbd35a1b0484838d5be0d619ae4e2__r0c1.jpg,0,1,1102,0,2756,790,2756,1316,1654,790,1,1,0,1,0
train,data/train/images/train_625_png.rf.6f1cbd35a1b0484838d5be0d619ae4e2.jpg,data_quadrant/train/images/train_625_png.rf.6f1cbd35a1b0484838d5be0d619ae4e2__r1c0.jpg,1,0,0,526,1654,1316,2756,1316,1654,790,1,1,0,1,0
train,data/train/images/train_625_png.rf.6f1cbd35a1b0484838d5be0d619ae4e2.jpg,data_quadrant/train/images/train_625_png.rf.6f1cbd35a1b0484838d5be0d619ae4e2__r1c1.jpg,1,1,1102,526,2756,1316,2756,1316,1654,790,1,1,1,1,0
train,data/train/images/train_62_png.rf.fc728f3ecb9bac9ddbbf01cded87a1ca.jpg,data_quadrant/train/images/train_62_png.rf.fc728f3ecb9bac9ddbbf01cded87a1ca__r0c0.jpg,0,0,0,0,1720,790,2867,1316,1720,790,4,4,2,4,0
train,data/train/images/train_62_png.rf.fc728f3ecb9bac9ddbbf01cded87a1ca.jpg,data_quadrant/train/images/train_62_png.rf.fc728f3ecb9bac9ddbbf01cded87a1ca__r0c1.jpg,0,1,1146,0,2867,790,2867,1316,1721,790,4,4,1,4,0
train,data/train/images/train_62_png.rf.fc728f3ecb9bac9ddbbf01cded87a1ca.jpg,data_quadrant/train/images/train_62_png.rf.fc728f3ecb9bac9ddbbf01cded87a1ca__r1c0.jpg,1,0,0,526,1720,1316,2867,1316,1720,790,4,4,4,4,0
train,data/train/images/train_62_png.rf.fc728f3ecb9bac9ddbbf01cded87a1ca.jpg,data_quadrant/train/images/train_62_png.rf.fc728f3ecb9bac9ddbbf01cded87a1ca__r1c1.jpg,1,1,1146,526,2867,1316,2867,1316,1721,790,4,4,1,4,0
train,data/train/images/train_637_png.rf.dfdee3027e34868c137e2e89b98d80ca.jpg,data_quadrant/train/images/train_637_png.rf.dfdee3027e34868c137e2e89b98d80ca__r0c0.jpg,0,0,0,0,1846,922,3076,1536,1846,922,3,3,2,3,0
train,data/train/images/train_637_png.rf.dfdee3027e34868c137e2e89b98d80ca.jpg,data_quadrant/train/images/train_637_png.rf.dfdee3027e34868c137e2e89b98d80ca__r0c1.jpg,0,1,1230,0,3076,922,3076,1536,1846,922,3,3,1,3,0
train,data/train/images/train_637_png.rf.dfdee3027e34868c137e2e89b98d80ca.jpg,data_quadrant/train/images/train_637_png.rf.dfdee3027e34868c137e2e89b98d80ca__r1c0.jpg,1,0,0,614,1846,1536,3076,1536,1846,922,3,3,2,3,0
train,data/train/images/train_637_png.rf.dfdee3027e34868c137e2e89b98d80ca.jpg,data_quadrant/train/images/train_637_png.rf.dfdee3027e34868c137e2e89b98d80ca__r1c1.jpg,1,1,1230,614,3076,1536,3076,1536,1846,922,3,3,1,3,0
train,data/train/images/train_644_png.rf.47bfac618c607e9be2f94aadd8a3fa69.jpg,data_quadrant/train/images/train_644_png.rf.47bfac618c607e9be2f94aadd8a3fa69__r0c0.jpg,0,0,0,0,1739,790,2899,1316,1739,790,1,1,1,1,0
train,data/train/images/train_644_png.rf.47bfac618c607e9be2f94aadd8a3fa69.jpg,data_quadrant/train/images/train_644_png.rf.47bfac618c607e9be2f94aadd8a3fa69__r0c1.jpg,0,1,1159,0,2899,790,2899,1316,1740,790,1,1,0,1,0
train,data/train/images/train_644_png.rf.47bfac618c607e9be2f94aadd8a3fa69.jpg,data_quadrant/train/images/train_644_png.rf.47bfac618c607e9be2f94aadd8a3fa69__r1c0.jpg,1,0,0,526,1739,1316,2899,1316,1739,790,1,1,1,1,0
train,data/train/images/train_644_png.rf.47bfac618c607e9be2f94aadd8a3fa69.jpg,data_quadrant/train/images/train_644_png.rf.47bfac618c607e9be2f94aadd8a3fa69__r1c1.jpg,1,1,1159,526,2899,1316,2899,1316,1740,790,1,1,0,1,0
train,data/train/images/train_647_png.rf.d9880d01c0f25d22e748f009f2ae067d.jpg,data_quadrant/train/images/train_647_png.rf.d9880d01c0f25d22e748f009f2ae067d__r0c0.jpg,0,0,0,0,1761,790,2935,1316,1761,790,1,1,1,1,0
train,data/train/images/train_647_png.rf.d9880d01c0f25d22e748f009f2ae067d.jpg,data_quadrant/train/images/train_647_png.rf.d9880d01c0f25d22e748f009f2ae067d__r0c1.jpg,0,1,1173,0,2935,790,2935,1316,1762,790,1,1,0,1,0
train,data/train/images/train_647_png.rf.d9880d01c0f25d22e748f009f2ae067d.jpg,data_quadrant/train/images/train_647_png.rf.d9880d01c0f25d22e748f009f2ae067d__r1c0.jpg,1,0,0,526,1761,1316,2935,1316,1761,790,1,1,1,1,0
train,data/train/images/train_647_png.rf.d9880d01c0f25d22e748f009f2ae067d.jpg,data_quadrant/train/images/train_647_png.rf.d9880d01c0f25d22e748f009f2ae067d__r1c1.jpg,1,1,1173,526,2935,1316,2935,1316,1762,790,1,1,0,1,0
train,data/train/images/train_670_png.rf.54e2b3cedb8d9dc3420f1c7f3ccda399.jpg,data_quadrant/train/images/train_670_png.rf.54e2b3cedb8d9dc3420f1c7f3ccda399__r0c0.jpg,0,0,0,0,1662,790,2771,1316,1662,790,3,3,1,3,0
train,data/train/images/train_670_png.rf.54e2b3cedb8d9dc3420f1c7f3ccda399.jpg,data_quadrant/train/images/train_670_png.rf.54e2b3cedb8d9dc3420f1c7f3ccda399__r0c1.jpg,0,1,1108,0,2771,790,2771,1316,1663,790,3,3,2,3,0
train,data/train/images/train_670_png.rf.54e2b3cedb8d9dc3420f1c7f3ccda399.jpg,data_quadrant/train/images/train_670_png.rf.54e2b3cedb8d9dc3420f1c7f3ccda399__r1c0.jpg,1,0,0,526,1662,1316,2771,1316,1662,790,3,3,1,3,0
train,data/train/images/train_670_png.rf.54e2b3cedb8d9dc3420f1c7f3ccda399.jpg,data_quadrant/train/images/train_670_png.rf.54e2b3cedb8d9dc3420f1c7f3ccda399__r1c1.jpg,1,1,1108,526,2771,1316,2771,1316,1663,790,3,3,2,3,0
train,data/train/images/train_691_png.rf.b21bc597653535a852b25371b135c615.jpg,data_quadrant/train/images/train_691_png.rf.b21bc597653535a852b25371b135c615__r0c0.jpg,0,0,0,0,1696,790,2827,1316,1696,790,1,1,0,1,0
train,data/train/images/train_691_png.rf.b21bc597653535a852b25371b135c615.jpg,data_quadrant/train/images/train_691_png.rf.b21bc597653535a852b25371b135c615__r0c1.jpg,0,1,1130,0,2827,790,2827,1316,1697,790,1,1,0,1,0
train,data/train/images/train_691_png.rf.b21bc597653535a852b25371b135c615.jpg,data_quadrant/train/images/train_691_png.rf.b21bc597653535a852b25371b135c615__r1c0.jpg,1,0,0,526,1696,1316,2827,1316,1696,790,1,1,0,1,0
train,data/train/images/train_691_png.rf.b21bc597653535a852b25371b135c615.jpg,data_quadrant/train/images/train_691_png.rf.b21bc597653535a852b25371b135c615__r1c1.jpg,1,1,1130,526,2827,1316,2827,1316,1697,790,1,1,1,1,0
train,data/train/images/train_696_png.rf.8a0bd3562857b82996d23d911f68b973.jpg,data_quadrant/train/images/train_696_png.rf.8a0bd3562857b82996d23d911f68b973__r0c0.jpg,0,0,0,0,1778,790,2965,1316,1778,790,1,1,0,1,0
train,data/train/images/train_696_png.rf.8a0bd3562857b82996d23d911f68b973.jpg,data_quadrant/train/images/train_696_png.rf.8a0bd3562857b82996d23d911f68b973__r0c1.jpg,0,1,1186,0,2965,790,2965,1316,1779,790,1,1,1,1,0
train,data/train/images/train_696_png.rf.8a0bd3562857b82996d23d911f68b973.jpg,data_quadrant/train/images/train_696_png.rf.8a0bd3562857b82996d23d911f68b973__r1c0.jpg,1,0,0,526,1778,1316,2965,1316,1778,790,1,1,0,1,0
train,data/train/images/train_696_png.rf.8a0bd3562857b82996d23d911f68b973.jpg,data_quadrant/train/images/train_696_png.rf.8a0bd3562857b82996d23d911f68b973__r1c1.jpg,1,1,1186,526,2965,1316,2965,1316,1779,790,1,1,1,1,0
train,data/train/images/train_77_png.rf.2b3c5a4811f1276f24498a8958e92c67.jpg,data_quadrant/train/images/train_77_png.rf.2b3c5a4811f1276f24498a8958e92c67__r0c0.jpg,0,0,0,0,1723,902,2872,1504,1723,902,1,1,1,1,0
train,data/train/images/train_77_png.rf.2b3c5a4811f1276f24498a8958e92c67.jpg,data_quadrant/train/images/train_77_png.rf.2b3c5a4811f1276f24498a8958e92c67__r0c1.jpg,0,1,1149,0,2872,902,2872,1504,1723,902,1,1,0,1,0
train,data/train/images/train_77_png.rf.2b3c5a4811f1276f24498a8958e92c67.jpg,data_quadrant/train/images/train_77_png.rf.2b3c5a4811f1276f24498a8958e92c67__r1c0.jpg,1,0,0,602,1723,1504,2872,1504,1723,902,1,1,1,1,0
train,data/train/images/train_77_png.rf.2b3c5a4811f1276f24498a8958e92c67.jpg,data_quadrant/train/images/train_77_png.rf.2b3c5a4811f1276f24498a8958e92c67__r1c1.jpg,1,1,1149,602,2872,1504,2872,1504,1723,902,1,1,0,1,0
train,data/train/images/train_7_png.rf.8ccd44834d1300df3acef61e548aa930.jpg,data_quadrant/train/images/train_7_png.rf.8ccd44834d1300df3acef61e548aa930__r0c0.jpg,0,0,0,0,1752,790,2920,1316,1752,790,1,1,0,1,0
train,data/train/images/train_7_png.rf.8ccd44834d1300df3acef61e548aa930.jpg,data_quadrant/train/images/train_7_png.rf.8ccd44834d1300df3acef61e548aa930__r0c1.jpg,0,1,1168,0,2920,790,2920,1316,1752,790,1,1,0,1,0
train,data/train/images/train_7_png.rf.8ccd44834d1300df3acef61e548aa930.jpg,data_quadrant/train/images/train_7_png.rf.8ccd44834d1300df3acef61e548aa930__r1c0.jpg,1,0,0,526,1752,1316,2920,1316,1752,790,1,1,0,1,0
train,data/train/images/train_7_png.rf.8ccd44834d1300df3acef61e548aa930.jpg,data_quadrant/train/images/train_7_png.rf.8ccd44834d1300df3acef61e548aa930__r1c1.jpg,1,1,1168,526,2920,1316,2920,1316,1752,790,1,1,1,1,0
train,data/train/images/train_81_png.rf.344fa225442cfe46a25db919336a43fa.jpg,data_quadrant/train/images/train_81_png.rf.344fa225442cfe46a25db919336a43fa__r0c0.jpg,0,0,0,0,1716,790,2860,1316,1716,790,1,1,0,1,0
train,data/train/images/train_81_png.rf.344fa225442cfe46a25db919336a43fa.jpg,data_quadrant/train/images/train_81_png.rf.344fa225442cfe46a25db919336a43fa__r0c1.jpg,0,1,1144,0,2860,790,2860,1316,1716,790,1,1,1,1,0
train,data/train/images/train_81_png.rf.344fa225442cfe46a25db919336a43fa.jpg,data_quadrant/train/images/train_81_png.rf.344fa225442cfe46a25db919336a43fa__r1c0.jpg,1,0,0,526,1716,1316,2860,1316,1716,790,1,1,0,1,0
train,data/train/images/train_81_png.rf.344fa225442cfe46a25db919336a43fa.jpg,data_quadrant/train/images/train_81_png.rf.344fa225442cfe46a25db919336a43fa__r1c1.jpg,1,1,1144,526,2860,1316,2860,1316,1716,790,1,1,1,1,0
train,data/train/images/train_82_png.rf.61a405934ee229ee7aa85ef9a0f10063.jpg,data_quadrant/train/images/train_82_png.rf.61a405934ee229ee7aa85ef9a0f10063__r0c0.jpg,0,0,0,0,1723,902,2872,1504,1723,902,1,1,0,1,0
train,data/train/images/train_82_png.rf.61a405934ee229ee7aa85ef9a0f10063.jpg,data_quadrant/train/images/train_82_png.rf.61a405934ee229ee7aa85ef9a0f10063__r0c1.jpg,0,1,1149,0,2872,902,2872,1504,1723,902,1,1,0,1,0
train,data/train/images/train_82_png.rf.61a405934ee229ee7aa85ef9a0f10063.jpg,data_quadrant/train/images/train_82_png.rf.61a405934ee229ee7aa85ef9a0f10063__r1c0.jpg,1,0,0,602,1723,1504,2872,1504,1723,902,1,1,1,1,0
train,data/train/images/train_82_png.rf.61a405934ee229ee7aa85ef9a0f10063.jpg,data_quadrant/train/images/train_82_png.rf.61a405934ee229ee7aa85ef9a0f10063__r1c1.jpg,1,1,1149,602,2872,1504,2872,1504,1723,902,1,1,1,1,0
train,data/train/images/train_91_png.rf.6bdeea2941e42e0b50752618e95cfc63.jpg,data_quadrant/train/images/train_91_png.rf.6bdeea2941e42e0b50752618e95cfc63__r0c0.jpg,0,0,0,0,1790,790,2985,1316,1790,790,2,2,2,2,0
train,data/train/images/train_91_png.rf.6bdeea2941e42e0b50752618e95cfc63.jpg,data_quadrant/train/images/train_91_png.rf.6bdeea2941e42e0b50752618e95cfc63__r0c1.jpg,0,1,1194,0,2985,790,2985,1316,1791,790,2,2,2,2,0
train,data/train/images/train_91_png.rf.6bdeea2941e42e0b50752618e95cfc63.jpg,data_quadrant/train/images/train_91_png.rf.6bdeea2941e42e0b50752618e95cfc63__r1c0.jpg,1,0,0,526,1790,1316,2985,1316,1790,790,2,2,2,2,0
train,data/train/images/train_91_png.rf.6bdeea2941e42e0b50752618e95cfc63.jpg,data_quadrant/train/images/train_91_png.rf.6bdeea2941e42e0b50752618e95cfc63__r1c1.jpg,1,1,1194,526,2985,1316,2985,1316,1791,790,2,2,2,2,0
train,data/train/images/train_9_png.rf.2f430b30b557521744d6eae50b813dab.jpg,data_quadrant/train/images/train_9_png.rf.2f430b30b557521744d6eae50b813dab__r0c0.jpg,0,0,0,0,1723,902,2872,1504,1723,902,1,1,1,1,0
train,data/train/images/train_9_png.rf.2f430b30b557521744d6eae50b813dab.jpg,data_quadrant/train/images/train_9_png.rf.2f430b30b557521744d6eae50b813dab__r0c1.jpg,0,1,1149,0,2872,902,2872,1504,1723,902,1,1,0,1,0
train,data/train/images/train_9_png.rf.2f430b30b557521744d6eae50b813dab.jpg,data_quadrant/train/images/train_9_png.rf.2f430b30b557521744d6eae50b813dab__r1c0.jpg,1,0,0,602,1723,1504,2872,1504,1723,902,1,1,1,1,0
train,data/train/images/train_9_png.rf.2f430b30b557521744d6eae50b813dab.jpg,data_quadrant/train/images/train_9_png.rf.2f430b30b557521744d6eae50b813dab__r1c1.jpg,1,1,1149,602,2872,1504,2872,1504,1723,902,1,1,0,1,0
valid,data/valid/images/train_115_png.rf.ec8711053dea7814151b87cb5357520e.jpg,data_quadrant/valid/images/train_115_png.rf.ec8711053dea7814151b87cb5357520e__r0c0.jpg,0,0,0,0,1738,790,2897,1316,1738,790,1,1,1,1,0
valid,data/valid/images/train_115_png.rf.ec8711053dea7814151b87cb5357520e.jpg,data_quadrant/valid/images/train_115_png.rf.ec8711053dea7814151b87cb5357520e__r0c1.jpg,0,1,1158,0,2897,790,2897,1316,1739,790,1,1,0,1,0
valid,data/valid/images/train_115_png.rf.ec8711053dea7814151b87cb5357520e.jpg,data_quadrant/valid/images/train_115_png.rf.ec8711053dea7814151b87cb5357520e__r1c0.jpg,1,0,0,526,1738,1316,2897,1316,1738,790,1,1,1,1,0
valid,data/valid/images/train_115_png.rf.ec8711053dea7814151b87cb5357520e.jpg,data_quadrant/valid/images/train_115_png.rf.ec8711053dea7814151b87cb5357520e__r1c1.jpg,1,1,1158,526,2897,1316,2897,1316,1739,790,1,1,0,1,0
valid,data/valid/images/train_130_png.rf.631d7e5f2c044ec2f4da12c6b47e2579.jpg,data_quadrant/valid/images/train_130_png.rf.631d7e5f2c044ec2f4da12c6b47e2579__r0c0.jpg,0,0,0,0,1692,790,2821,1316,1692,790,2,2,0,2,0
valid,data/valid/images/train_130_png.rf.631d7e5f2c044ec2f4da12c6b47e2579.jpg,data_quadrant/valid/images/train_130_png.rf.631d7e5f2c044ec2f4da12c6b47e2579__r0c1.jpg,0,1,1128,0,2821,790,2821,1316,1693,790,2,2,2,2,0
valid,data/valid/images/train_130_png.rf.631d7e5f2c044ec2f4da12c6b47e2579.jpg,data_quadrant/valid/images/train_130_png.rf.631d7e5f2c044ec2f4da12c6b47e2579__r1c0.jpg,1,0,0,526,1692,1316,2821,1316,1692,790,2,2,0,2,0
valid,data/valid/images/train_130_png.rf.631d7e5f2c044ec2f4da12c6b47e2579.jpg,data_quadrant/valid/images/train_130_png.rf.631d7e5f2c044ec2f4da12c6b47e2579__r1c1.jpg,1,1,1128,526,2821,1316,2821,1316,1693,790,2,2,2,2,0
valid,data/valid/images/train_136_png.rf.fe4485399dbeb6d10cc97dcddbc448dd.jpg,data_quadrant/valid/images/train_136_png.rf.fe4485399dbeb6d10cc97dcddbc448dd__r0c0.jpg,0,0,0,0,1711,790,2852,1316,1711,790,2,2,0,2,0
valid,data/valid/images/train_136_png.rf.fe4485399dbeb6d10cc97dcddbc448dd.jpg,data_quadrant/valid/images/train_136_png.rf.fe4485399dbeb6d10cc97dcddbc448dd__r0c1.jpg,0,1,1141,0,2852,790,2852,1316,1711,790,2,2,0,2,0
valid,data/valid/images/train_136_png.rf.fe4485399dbeb6d10cc97dcddbc448dd.jpg,data_quadrant/valid/images/train_136_png.rf.fe4485399dbeb6d10cc97dcddbc448dd__r1c0.jpg,1,0,0,526,1711,1316,2852,1316,1711,790,2,2,1,2,0
valid,data/valid/images/train_136_png.rf.fe4485399dbeb6d10cc97dcddbc448dd.jpg,data_quadrant/valid/images/train_136_png.rf.fe4485399dbeb6d10cc97dcddbc448dd__r1c1.jpg,1,1,1141,526,2852,1316,2852,1316,1711,790,2,2,1,2,0
valid,data/valid/images/train_156_png.rf.bf0ead8b448e5631cf95efbc2bfabf3f.jpg,data_quadrant/valid/images/train_156_png.rf.bf0ead8b448e5631cf95efbc2bfabf3f__r0c0.jpg,0,0,0,0,1735,790,2892,1316,1735,790,1,1,1,1,0
valid,data/valid/images/train_156_png.rf.bf0ead8b448e5631cf95efbc2bfabf3f.jpg,data_quadrant/valid/images/train_156_png.rf.bf0ead8b448e5631cf95efbc2bfabf3f__r0c1.jpg,0,1,1157,0,2892,790,2892,1316,1735,790,1,1,0,1,0
valid,data/valid/images/train_156_png.rf.bf0ead8b448e5631cf95efbc2bfabf3f.jpg,data_quadrant/valid/images/train_156_png.rf.bf0ead8b448e5631cf95efbc2bfabf3f__r1c0.jpg,1,0,0,526,1735,1316,2892,1316,1735,790,1,1,1,1,0
valid,data/valid/images/train_156_png.rf.bf0ead8b448e5631cf95efbc2bfabf3f.jpg,data_quadrant/valid/images/train_156_png.rf.bf0ead8b448e5631cf95efbc2bfabf3f__r1c1.jpg,1,1,1157,526,2892,1316,2892,1316,1735,790,1,1,0,1,0
valid,data/valid/images/train_185_png.rf.795daacb019fdd448d524a40b11a36c4.jpg,data_quadrant/valid/images/train_185_png.rf.795daacb019fdd448d524a40b11a36c4__r0c0.jpg,0,0,0,0,1736,790,2894,1316,1736,790,1,1,1,1,0
valid,data/valid/images/train_185_png.rf.795daacb019fdd448d524a40b11a36c4.jpg,data_quadrant/valid/images/train_185_png.rf.795daacb019fdd448d524a40b11a36c4__r0c1.jpg,0,1,1158,0,2894,790,2894,1316,1736,790,1,1,1,1,0
valid,data/valid/images/train_185_png.rf.795daacb019fdd448d524a40b11a36c4.jpg,data_quadrant/valid/images/train_185_png.rf.795daacb019fdd448d524a40b11a36c4__r1c0.jpg,1,0,0,526,1736,1316,2894,1316,1736,790,1,1,1,1,0
valid,data/valid/images/train_185_png.rf.795daacb019fdd448d524a40b11a36c4.jpg,data_quadrant/valid/images/train_185_png.rf.795daacb019fdd448d524a40b11a36c4__r1c1.jpg,1,1,1158,526,2894,1316,2894,1316,1736,790,1,1,1,1,0
valid,data/valid/images/train_188_png.rf.ebf761f2ecc6c0218831fb281dde4b15.jpg,data_quadrant/valid/images/train_188_png.rf.ebf761f2ecc6c0218831fb281dde4b15__r0c0.jpg,0,0,0,0,1723,902,2872,1504,1723,902,1,1,0,1,0
valid,data/valid/images/train_188_png.rf.ebf761f2ecc6c0218831fb281dde4b15.jpg,data_quadrant/valid/images/train_188_png.rf.ebf761f2ecc6c0218831fb281dde4b15__r0c1.jpg,0,1,1149,0,2872,902,2872,1504,1723,902,1,1,1,1,0
valid,data/valid/images/train_188_png.rf.ebf761f2ecc6c0218831fb281dde4b15.jpg,data_quadrant/valid/images/train_188_png.rf.ebf761f2ecc6c0218831fb281dde4b15__r1c0.jpg,1,0,0,602,1723,1504,2872,1504,1723,902,1,1,0,1,0
valid,data/valid/images/train_188_png.rf.ebf761f2ecc6c0218831fb281dde4b15.jpg,data_quadrant/valid/images/train_188_png.rf.ebf761f2ecc6c0218831fb281dde4b15__r1c1.jpg,1,1,1149,602,2872,1504,2872,1504,1723,902,1,1,0,1,0
valid,data/valid/images/train_200_png.rf.ee490b379e304a08eca4b790b83f423a.jpg,data_quadrant/valid/images/train_200_png.rf.ee490b379e304a08eca4b790b83f423a__r0c0.jpg,0,0,0,0,1762,790,2936,1316,1762,790,4,4,2,4,0
valid,data/valid/images/train_200_png.rf.ee490b379e304a08eca4b790b83f423a.jpg,data_quadrant/valid/images/train_200_png.rf.ee490b379e304a08eca4b790b83f423a__r0c1.jpg,0,1,1174,0,2936,790,2936,1316,1762,790,4,4,2,4,0
valid,data/valid/images/train_200_png.rf.ee490b379e304a08eca4b790b83f423a.jpg,data_quadrant/valid/images/train_200_png.rf.ee490b379e304a08eca4b790b83f423a__r1c0.jpg,1,0,0,526,1762,1316,2936,1316,1762,790,4,4,3,4,0
valid,data/valid/images/train_200_png.rf.ee490b379e304a08eca4b790b83f423a.jpg,data_quadrant/valid/images/train_200_png.rf.ee490b379e304a08eca4b790b83f423a__r1c1.jpg,1,1,1174,526,2936,1316,2936,1316,1762,790,4,4,3,4,0
valid,data/valid/images/train_214_png.rf.c3012fff2957bc86efbd28aa9b98250d.jpg,data_quadrant/valid/images/train_214_png.rf.c3012fff2957bc86efbd28aa9b98250d__r0c0.jpg,0,0,0,0,1186,586,1976,976,1186,586,1,1,0,1,0
valid,data/valid/images/train_214_png.rf.c3012fff2957bc86efbd28aa9b98250d.jpg,data_quadrant/valid/images/train_214_png.rf.c3012fff2957bc86efbd28aa9b98250d__r0c1.jpg,0,1,790,0,1976,586,1976,976,1186,586,1,1,0,1,0
valid,data/valid/images/train_214_png.rf.c3012fff2957bc86efbd28aa9b98250d.jpg,data_quadrant/valid/images/train_214_png.rf.c3012fff2957bc86efbd28aa9b98250d__r1c0.jpg,1,0,0,390,1186,976,1976,976,1186,586,1,1,1,1,0
valid,data/valid/images/train_214_png.rf.c3012fff2957bc86efbd28aa9b98250d.jpg,data_quadrant/valid/images/train_214_png.rf.c3012fff2957bc86efbd28aa9b98250d__r1c1.jpg,1,1,790,390,1976,976,1976,976,1186,586,1,1,0,1,0
valid,data/valid/images/train_254_png.rf.cbb8a3226257861a15b450fa27737632.jpg,data_quadrant/valid/images/train_254_png.rf.cbb8a3226257861a15b450fa27737632__r0c0.jpg,0,0,0,0,1726,902,2876,1504,1726,902,1,1,0,1,0
valid,data/valid/images/train_254_png.rf.cbb8a3226257861a15b450fa27737632.jpg,data_quadrant/valid/images/train_254_png.rf.cbb8a3226257861a15b450fa27737632__r0c1.jpg,0,1,1150,0,2876,902,2876,1504,1726,902,1,1,1,1,0
valid,data/valid/images/train_254_png.rf.cbb8a3226257861a15b450fa27737632.jpg,data_quadrant/valid/images/train_254_png.rf.cbb8a3226257861a15b450fa27737632__r1c0.jpg,1,0,0,602,1726,1504,2876,1504,1726,902,1,1,0,1,0
valid,data/valid/images/train_254_png.rf.cbb8a3226257861a15b450fa27737632.jpg,data_quadrant/valid/images/train_254_png.rf.cbb8a3226257861a15b450fa27737632__r1c1.jpg,1,1,1150,602,2876,1504,2876,1504,1726,902,1,1,1,1,0
valid,data/valid/images/train_267_png.rf.a38c7469184b36122add3836f565824e.jpg,data_quadrant/valid/images/train_267_png.rf.a38c7469184b36122add3836f565824e__r0c0.jpg,0,0,0,0,1715,790,2858,1316,1715,790,2,2,1,2,0
valid,data/valid/images/train_267_png.rf.a38c7469184b36122add3836f565824e.jpg,data_quadrant/valid/images/train_267_png.rf.a38c7469184b36122add3836f565824e__r0c1.jpg,0,1,1143,0,2858,790,2858,1316,1715,790,2,2,1,2,0
valid,data/valid/images/train_267_png.rf.a38c7469184b36122add3836f565824e.jpg,data_quadrant/valid/images/train_267_png.rf.a38c7469184b36122add3836f565824e__r1c0.jpg,1,0,0,526,1715,1316,2858,1316,1715,790,2,2,1,2,0
valid,data/valid/images/train_267_png.rf.a38c7469184b36122add3836f565824e.jpg,data_quadrant/valid/images/train_267_png.rf.a38c7469184b36122add3836f565824e__r1c1.jpg,1,1,1143,526,2858,1316,2858,1316,1715,790,2,2,1,2,0
valid,data/valid/images/train_281_png.rf.5b5d87910cd358fa94e12101c0a5bc61.jpg,data_quadrant/valid/images/train_281_png.rf.5b5d87910cd358fa94e12101c0a5bc61__r0c0.jpg,0,0,0,0,1702,790,2836,1316,1702,790,1,1,0,1,0
valid,data/valid/images/train_281_png.rf.5b5d87910cd358fa94e12101c0a5bc61.jpg,data_quadrant/valid/images/train_281_png.rf.5b5d87910cd358fa94e12101c0a5bc61__r0c1.jpg,0,1,1134,0,2836,790,2836,1316,1702,790,1,1,0,1,0
valid,data/valid/images/train_281_png.rf.5b5d87910cd358fa94e12101c0a5bc61.jpg,data_quadrant/valid/images/train_281_png.rf.5b5d87910cd358fa94e12101c0a5bc61__r1c0.jpg,1,0,0,526,1702,1316,2836,1316,1702,790,1,1,1,1,0
valid,data/valid/images/train_281_png.rf.5b5d87910cd358fa94e12101c0a5bc61.jpg,data_quadrant/valid/images/train_281_png.rf.5b5d87910cd358fa94e12101c0a5bc61__r1c1.jpg,1,1,1134,526,2836,1316,2836,1316,1702,790,1,1,0,1,0
valid,data/valid/images/train_289_png.rf.50128c252c1285b438b69d8b62aec7e5.jpg,data_quadrant/valid/images/train_289_png.rf.50128c252c1285b438b69d8b62aec7e5__r0c0.jpg,0,0,0,0,1721,902,2868,1504,1721,902,1,1,1,1,0
valid,data/valid/images/train_289_png.rf.50128c252c1285b438b69d8b62aec7e5.jpg,data_quadrant/valid/images/train_289_png.rf.50128c252c1285b438b69d8b62aec7e5__r0c1.jpg,0,1,1147,0,2868,902,2868,1504,1721,902,1,1,1,1,0
valid,data/valid/images/train_289_png.rf.50128c252c1285b438b69d8b62aec7e5.jpg,data_quadrant/valid/images/train_289_png.rf.50128c252c1285b438b69d8b62aec7e5__r1c0.jpg,1,0,0,602,1721,1504,2868,1504,1721,902,1,1,1,1,0
valid,data/valid/images/train_289_png.rf.50128c252c1285b438b69d8b62aec7e5.jpg,data_quadrant/valid/images/train_289_png.rf.50128c252c1285b438b69d8b62aec7e5__r1c1.jpg,1,1,1147,602,2868,1504,2868,1504,1721,902,1,1,1,1,0
valid,data/valid/images/train_291_png.rf.4121513a849e9b704b6886bcb91b09b6.jpg,data_quadrant/valid/images/train_291_png.rf.4121513a849e9b704b6886bcb91b09b6__r0c0.jpg,0,0,0,0,1673,790,2788,1316,1673,790,2,2,2,2,0
valid,data/valid/images/train_291_png.rf.4121513a849e9b704b6886bcb91b09b6.jpg,data_quadrant/valid/images/train_291_png.rf.4121513a849e9b704b6886bcb91b09b6__r0c1.jpg,0,1,1115,0,2788,790,2788,1316,1673,790,2,2,2,2,0
valid,data/valid/images/train_291_png.rf.4121513a849e9b704b6886bcb91b09b6.jpg,data_quadrant/valid/images/train_291_png.rf.4121513a849e9b704b6886bcb91b09b6__r1c0.jpg,1,0,0,526,1673,1316,2788,1316,1673,790,2,2,2,2,0
valid,data/valid/images/train_291_png.rf.4121513a849e9b704b6886bcb91b09b6.jpg,data_quadrant/valid/images/train_291_png.rf.4121513a849e9b704b6886bcb91b09b6__r1c1.jpg,1,1,1115,526,2788,1316,2788,1316,1673,790,2,2,2,2,0
valid,data/valid/images/train_294_png.rf.c766931e465938cb638c27c218a9895b.jpg,data_quadrant/valid/images/train_294_png.rf.c766931e465938cb638c27c218a9895b__r0c0.jpg,0,0,0,0,1728,790,2880,1316,1728,790,3,3,2,3,0
valid,data/valid/images/train_294_png.rf.c766931e465938cb638c27c218a9895b.jpg,data_quadrant/valid/images/train_294_png.rf.c766931e465938cb638c27c218a9895b__r0c1.jpg,0,1,1152,0,2880,790,2880,1316,1728,790,3,3,2,3,0
valid,data/valid/images/train_294_png.rf.c766931e465938cb638c27c218a9895b.jpg,data_quadrant/valid/images/train_294_png.rf.c766931e465938cb638c27c218a9895b__r1c0.jpg,1,0,0,526,1728,1316,2880,1316,1728,790,3,3,0,3,0
valid,data/valid/images/train_294_png.rf.c766931e465938cb638c27c218a9895b.jpg,data_quadrant/valid/images/train_294_png.rf.c766931e465938cb638c27c218a9895b__r1c1.jpg,1,1,1152,526,2880,1316,2880,1316,1728,790,3,3,2,3,0
valid,data/valid/images/train_359_png.rf.c271944f17856d912d2b21548f2fea00.jpg,data_quadrant/valid/images/train_359_png.rf.c271944f17856d912d2b21548f2fea00__r0c0.jpg,0,0,0,0,1792,790,2986,1316,1792,790,2,2,0,2,0
valid,data/valid/images/train_359_png.rf.c271944f17856d912d2b21548f2fea00.jpg,data_quadrant/valid/images/train_359_png.rf.c271944f17856d912d2b21548f2fea00__r0c1.jpg,0,1,1194,0,2986,790,2986,1316,1792,790,2,2,2,2,0
valid,data/valid/images/train_359_png.rf.c271944f17856d912d2b21548f2fea00.jpg,data_quadrant/valid/images/train_359_png.rf.c271944f17856d912d2b21548f2fea00__r1c0.jpg,1,0,0,526,1792,1316,2986,1316,1792,790,2,2,0,2,0
valid,data/valid/images/train_359_png.rf.c271944f17856d912d2b21548f2fea00.jpg,data_quadrant/valid/images/train_359_png.rf.c271944f17856d912d2b21548f2fea00__r1c1.jpg,1,1,1194,526,2986,1316,2986,1316,1792,790,2,2,2,2,0
valid,data/valid/images/train_488_png.rf.f23f8aa61e85b2be4d00fa1f8d3727b9.jpg,data_quadrant/valid/images/train_488_png.rf.f23f8aa61e85b2be4d00fa1f8d3727b9__r0c0.jpg,0,0,0,0,1644,790,2741,1316,1644,790,1,1,0,1,0
valid,data/valid/images/train_488_png.rf.f23f8aa61e85b2be4d00fa1f8d3727b9.jpg,data_quadrant/valid/images/train_488_png.rf.f23f8aa61e85b2be4d00fa1f8d3727b9__r0c1.jpg,0,1,1096,0,2741,790,2741,1316,1645,790,1,1,1,1,0
valid,data/valid/images/train_488_png.rf.f23f8aa61e85b2be4d00fa1f8d3727b9.jpg,data_quadrant/valid/images/train_488_png.rf.f23f8aa61e85b2be4d00fa1f8d3727b9__r1c0.jpg,1,0,0,526,1644,1316,2741,1316,1644,790,1,1,0,1,0
valid,data/valid/images/train_488_png.rf.f23f8aa61e85b2be4d00fa1f8d3727b9.jpg,data_quadrant/valid/images/train_488_png.rf.f23f8aa61e85b2be4d00fa1f8d3727b9__r1c1.jpg,1,1,1096,526,2741,1316,2741,1316,1645,790,1,1,0,1,0
valid,data/valid/images/train_597_png.rf.df13092f303aa3814117236eb6e9649b.jpg,data_quadrant/valid/images/train_597_png.rf.df13092f303aa3814117236eb6e9649b__r0c0.jpg,0,0,0,0,1633,790,2723,1316,1633,790,1,1,1,1,0
valid,data/valid/images/train_597_png.rf.df13092f303aa3814117236eb6e9649b.jpg,data_quadrant/valid/images/train_597_png.rf.df13092f303aa3814117236eb6e9649b__r0c1.jpg,0,1,1089,0,2723,790,2723,1316,1634,790,1,1,0,1,0
valid,data/valid/images/train_597_png.rf.df13092f303aa3814117236eb6e9649b.jpg,data_quadrant/valid/images/train_597_png.rf.df13092f303aa3814117236eb6e9649b__r1c0.jpg,1,0,0,526,1633,1316,2723,1316,1633,790,1,1,1,1,0
valid,data/valid/images/train_597_png.rf.df13092f303aa3814117236eb6e9649b.jpg,data_quadrant/valid/images/train_597_png.rf.df13092f303aa3814117236eb6e9649b__r1c1.jpg,1,1,1089,526,2723,1316,2723,1316,1634,790,1,1,0,1,0
valid,data/valid/images/train_663_png.rf.06b7337f125cf0967596522defba0f49.jpg,data_quadrant/valid/images/train_663_png.rf.06b7337f125cf0967596522defba0f49__r0c0.jpg,0,0,0,0,1186,586,1976,976,1186,586,1,1,0,1,0
valid,data/valid/images/train_663_png.rf.06b7337f125cf0967596522defba0f49.jpg,data_quadrant/valid/images/train_663_png.rf.06b7337f125cf0967596522defba0f49__r0c1.jpg,0,1,790,0,1976,586,1976,976,1186,586,1,1,1,1,0
valid,data/valid/images/train_663_png.rf.06b7337f125cf0967596522defba0f49.jpg,data_quadrant/valid/images/train_663_png.rf.06b7337f125cf0967596522defba0f49__r1c0.jpg,1,0,0,390,1186,976,1976,976,1186,586,1,1,0,1,0
valid,data/valid/images/train_663_png.rf.06b7337f125cf0967596522defba0f49.jpg,data_quadrant/valid/images/train_663_png.rf.06b7337f125cf0967596522defba0f49__r1c1.jpg,1,1,790,390,1976,976,1976,976,1186,586,1,1,1,1,0
valid,data/valid/images/train_665_png.rf.86ee2471e21692ac569cac6a74c56ad2.jpg,data_quadrant/valid/images/train_665_png.rf.86ee2471e21692ac569cac6a74c56ad2__r0c0.jpg,0,0,0,0,1757,790,2929,1316,1757,790,2,2,1,2,0
valid,data/valid/images/train_665_png.rf.86ee2471e21692ac569cac6a74c56ad2.jpg,data_quadrant/valid/images/train_665_png.rf.86ee2471e21692ac569cac6a74c56ad2__r0c1.jpg,0,1,1171,0,2929,790,2929,1316,1758,790,2,2,0,2,0
valid,data/valid/images/train_665_png.rf.86ee2471e21692ac569cac6a74c56ad2.jpg,data_quadrant/valid/images/train_665_png.rf.86ee2471e21692ac569cac6a74c56ad2__r1c0.jpg,1,0,0,526,1757,1316,2929,1316,1757,790,2,2,1,2,0
valid,data/valid/images/train_665_png.rf.86ee2471e21692ac569cac6a74c56ad2.jpg,data_quadrant/valid/images/train_665_png.rf.86ee2471e21692ac569cac6a74c56ad2__r1c1.jpg,1,1,1171,526,2929,1316,2929,1316,1758,790,2,2,1,2,0
valid,data/valid/images/train_692_png.rf.eabb6a32fdb184cbaa26ee5b3436fd53.jpg,data_quadrant/valid/images/train_692_png.rf.eabb6a32fdb184cbaa26ee5b3436fd53__r0c0.jpg,0,0,0,0,1684,790,2806,1316,1684,790,1,1,1,1,0
valid,data/valid/images/train_692_png.rf.eabb6a32fdb184cbaa26ee5b3436fd53.jpg,data_quadrant/valid/images/train_692_png.rf.eabb6a32fdb184cbaa26ee5b3436fd53__r0c1.jpg,0,1,1122,0,2806,790,2806,1316,1684,790,1,1,0,1,0
valid,data/valid/images/train_692_png.rf.eabb6a32fdb184cbaa26ee5b3436fd53.jpg,data_quadrant/valid/images/train_692_png.rf.eabb6a32fdb184cbaa26ee5b3436fd53__r1c0.jpg,1,0,0,526,1684,1316,2806,1316,1684,790,1,1,1,1,0
valid,data/valid/images/train_692_png.rf.eabb6a32fdb184cbaa26ee5b3436fd53.jpg,data_quadrant/valid/images/train_692_png.rf.eabb6a32fdb184cbaa26ee5b3436fd53__r1c1.jpg,1,1,1122,526,2806,1316,2806,1316,1684,790,1,1,0,1,0
test,data/test/images/0001_jpg.rf.e2d03a8dba5399d1c862a6ecc20772bd.jpg,data_quadrant/test/images/0001_jpg.rf.e2d03a8dba5399d1c862a6ecc20772bd__r0c0.jpg,0,0,0,0,1161,614,1935,1024,1161,614,11,11,6,11,0
test,data/test/images/0001_jpg.rf.e2d03a8dba5399d1c862a6ecc20772bd.jpg,data_quadrant/test/images/0001_jpg.rf.e2d03a8dba5399d1c862a6ecc20772bd__r0c1.jpg,0,1,773,0,1935,614,1935,1024,1162,614,11,11,8,11,0
test,data/test/images/0001_jpg.rf.e2d03a8dba5399d1c862a6ecc20772bd.jpg,data_quadrant/test/images/0001_jpg.rf.e2d03a8dba5399d1c862a6ecc20772bd__r1c0.jpg,1,0,0,410,1161,1024,1935,1024,1161,614,11,11,1,11,0
test,data/test/images/0001_jpg.rf.e2d03a8dba5399d1c862a6ecc20772bd.jpg,data_quadrant/test/images/0001_jpg.rf.e2d03a8dba5399d1c862a6ecc20772bd__r1c1.jpg,1,1,773,410,1935,1024,1935,1024,1162,614,11,11,2,11,0
test,data/test/images/0004_jpg.rf.bb709220c7032f5b0b5606f20adf63d8.jpg,data_quadrant/test/images/0004_jpg.rf.bb709220c7032f5b0b5606f20adf63d8__r0c0.jpg,0,0,0,0,1161,614,1935,1024,1161,614,1,1,0,1,0
test,data/test/images/0004_jpg.rf.bb709220c7032f5b0b5606f20adf63d8.jpg,data_quadrant/test/images/0004_jpg.rf.bb709220c7032f5b0b5606f20adf63d8__r0c1.jpg,0,1,773,0,1935,614,1935,1024,1162,614,1,1,1,1,0
test,data/test/images/0004_jpg.rf.bb709220c7032f5b0b5606f20adf63d8.jpg,data_quadrant/test/images/0004_jpg.rf.bb709220c7032f5b0b5606f20adf63d8__r1c0.jpg,1,0,0,410,1161,1024,1935,1024,1161,614,1,1,0,1,0
test,data/test/images/0004_jpg.rf.bb709220c7032f5b0b5606f20adf63d8.jpg,data_quadrant/test/images/0004_jpg.rf.bb709220c7032f5b0b5606f20adf63d8__r1c1.jpg,1,1,773,410,1935,1024,1935,1024,1162,614,1,1,1,1,0
test,data/test/images/0005_jpg.rf.d1c3fbb2e220038c6fc2ac027823c595.jpg,data_quadrant/test/images/0005_jpg.rf.d1c3fbb2e220038c6fc2ac027823c595__r0c0.jpg,0,0,0,0,1161,614,1935,1024,1161,614,1,1,0,1,0
test,data/test/images/0005_jpg.rf.d1c3fbb2e220038c6fc2ac027823c595.jpg,data_quadrant/test/images/0005_jpg.rf.d1c3fbb2e220038c6fc2ac027823c595__r0c1.jpg,0,1,773,0,1935,614,1935,1024,1162,614,1,1,1,1,0
test,data/test/images/0005_jpg.rf.d1c3fbb2e220038c6fc2ac027823c595.jpg,data_quadrant/test/images/0005_jpg.rf.d1c3fbb2e220038c6fc2ac027823c595__r1c0.jpg,1,0,0,410,1161,1024,1935,1024,1161,614,1,1,0,1,0
test,data/test/images/0005_jpg.rf.d1c3fbb2e220038c6fc2ac027823c595.jpg,data_quadrant/test/images/0005_jpg.rf.d1c3fbb2e220038c6fc2ac027823c595__r1c1.jpg,1,1,773,410,1935,1024,1935,1024,1162,614,1,1,1,1,0
test,data/test/images/0008_jpg.rf.73f7ab45a98a9eabe2920ba1ee00ef86.jpg,data_quadrant/test/images/0008_jpg.rf.73f7ab45a98a9eabe2920ba1ee00ef86__r0c0.jpg,0,0,0,0,1161,614,1935,1024,1161,614,3,3,2,3,0
test,data/test/images/0008_jpg.rf.73f7ab45a98a9eabe2920ba1ee00ef86.jpg,data_quadrant/test/images/0008_jpg.rf.73f7ab45a98a9eabe2920ba1ee00ef86__r0c1.jpg,0,1,773,0,1935,614,1935,1024,1162,614,3,3,2,3,0
test,data/test/images/0008_jpg.rf.73f7ab45a98a9eabe2920ba1ee00ef86.jpg,data_quadrant/test/images/0008_jpg.rf.73f7ab45a98a9eabe2920ba1ee00ef86__r1c0.jpg,1,0,0,410,1161,1024,1935,1024,1161,614,3,3,2,3,0
test,data/test/images/0008_jpg.rf.73f7ab45a98a9eabe2920ba1ee00ef86.jpg,data_quadrant/test/images/0008_jpg.rf.73f7ab45a98a9eabe2920ba1ee00ef86__r1c1.jpg,1,1,773,410,1935,1024,1935,1024,1162,614,3,3,2,3,0
test,data/test/images/0013_jpg.rf.5e3f9dbd97e9645601b4b5b56937d2a4.jpg,data_quadrant/test/images/0013_jpg.rf.5e3f9dbd97e9645601b4b5b56937d2a4__r0c0.jpg,0,0,0,0,1161,614,1935,1024,1161,614,2,2,0,2,0
test,data/test/images/0013_jpg.rf.5e3f9dbd97e9645601b4b5b56937d2a4.jpg,data_quadrant/test/images/0013_jpg.rf.5e3f9dbd97e9645601b4b5b56937d2a4__r0c1.jpg,0,1,773,0,1935,614,1935,1024,1162,614,2,2,1,2,0
test,data/test/images/0013_jpg.rf.5e3f9dbd97e9645601b4b5b56937d2a4.jpg,data_quadrant/test/images/0013_jpg.rf.5e3f9dbd97e9645601b4b5b56937d2a4__r1c0.jpg,1,0,0,410,1161,1024,1935,1024,1161,614,2,2,0,2,0
test,data/test/images/0013_jpg.rf.5e3f9dbd97e9645601b4b5b56937d2a4.jpg,data_quadrant/test/images/0013_jpg.rf.5e3f9dbd97e9645601b4b5b56937d2a4__r1c1.jpg,1,1,773,410,1935,1024,1935,1024,1162,614,2,2,2,2,0
test,data/test/images/0016_jpg.rf.ec2adfb8a39e10b23cffc2f71942cd8a.jpg,data_quadrant/test/images/0016_jpg.rf.ec2adfb8a39e10b23cffc2f71942cd8a__r0c0.jpg,0,0,0,0,1161,614,1935,1024,1161,614,1,1,1,1,0
test,data/test/images/0016_jpg.rf.ec2adfb8a39e10b23cffc2f71942cd8a.jpg,data_quadrant/test/images/0016_jpg.rf.ec2adfb8a39e10b23cffc2f71942cd8a__r0c1.jpg,0,1,773,0,1935,614,1935,1024,1162,614,1,1,1,1,0
test,data/test/images/0016_jpg.rf.ec2adfb8a39e10b23cffc2f71942cd8a.jpg,data_quadrant/test/images/0016_jpg.rf.ec2adfb8a39e10b23cffc2f71942cd8a__r1c0.jpg,1,0,0,410,1161,1024,1935,1024,1161,614,1,1,0,1,0
test,data/test/images/0016_jpg.rf.ec2adfb8a39e10b23cffc2f71942cd8a.jpg,data_quadrant/test/images/0016_jpg.rf.ec2adfb8a39e10b23cffc2f71942cd8a__r1c1.jpg,1,1,773,410,1935,1024,1935,1024,1162,614,1,1,0,1,0
test,data/test/images/0017_jpg.rf.f6eb50e33a8efb66cf7e3142f17a8e1e.jpg,data_quadrant/test/images/0017_jpg.rf.f6eb50e33a8efb66cf7e3142f17a8e1e__r0c0.jpg,0,0,0,0,1161,614,1935,1024,1161,614,3,3,1,3,0
test,data/test/images/0017_jpg.rf.f6eb50e33a8efb66cf7e3142f17a8e1e.jpg,data_quadrant/test/images/0017_jpg.rf.f6eb50e33a8efb66cf7e3142f17a8e1e__r0c1.jpg,0,1,773,0,1935,614,1935,1024,1162,614,3,3,1,3,0
test,data/test/images/0017_jpg.rf.f6eb50e33a8efb66cf7e3142f17a8e1e.jpg,data_quadrant/test/images/0017_jpg.rf.f6eb50e33a8efb66cf7e3142f17a8e1e__r1c0.jpg,1,0,0,410,1161,1024,1935,1024,1161,614,3,3,3,3,0
test,data/test/images/0017_jpg.rf.f6eb50e33a8efb66cf7e3142f17a8e1e.jpg,data_quadrant/test/images/0017_jpg.rf.f6eb50e33a8efb66cf7e3142f17a8e1e__r1c1.jpg,1,1,773,410,1935,1024,1935,1024,1162,614,3,3,1,3,0
test,data/test/images/0025_jpg.rf.c2dd34dccdc51a4956e1d1ccee63073f.jpg,data_quadrant/test/images/0025_jpg.rf.c2dd34dccdc51a4956e1d1ccee63073f__r0c0.jpg,0,0,0,0,1161,614,1935,1024,1161,614,2,2,0,2,0
test,data/test/images/0025_jpg.rf.c2dd34dccdc51a4956e1d1ccee63073f.jpg,data_quadrant/test/images/0025_jpg.rf.c2dd34dccdc51a4956e1d1ccee63073f__r0c1.jpg,0,1,773,0,1935,614,1935,1024,1162,614,2,2,0,2,0
test,data/test/images/0025_jpg.rf.c2dd34dccdc51a4956e1d1ccee63073f.jpg,data_quadrant/test/images/0025_jpg.rf.c2dd34dccdc51a4956e1d1ccee63073f__r1c0.jpg,1,0,0,410,1161,1024,1935,1024,1161,614,2,2,1,2,0
test,data/test/images/0025_jpg.rf.c2dd34dccdc51a4956e1d1ccee63073f.jpg,data_quadrant/test/images/0025_jpg.rf.c2dd34dccdc51a4956e1d1ccee63073f__r1c1.jpg,1,1,773,410,1935,1024,1935,1024,1162,614,2,2,2,2,0
test,data/test/images/0027_jpg.rf.945f8e7695bc7e7a069b3b854f0226a6.jpg,data_quadrant/test/images/0027_jpg.rf.945f8e7695bc7e7a069b3b854f0226a6__r0c0.jpg,0,0,0,0,1161,614,1935,1024,1161,614,1,1,1,1,0
test,data/test/images/0027_jpg.rf.945f8e7695bc7e7a069b3b854f0226a6.jpg,data_quadrant/test/images/0027_jpg.rf.945f8e7695bc7e7a069b3b854f0226a6__r0c1.jpg,0,1,773,0,1935,614,1935,1024,1162,614,1,1,1,1,0
test,data/test/images/0027_jpg.rf.945f8e7695bc7e7a069b3b854f0226a6.jpg,data_quadrant/test/images/0027_jpg.rf.945f8e7695bc7e7a069b3b854f0226a6__r1c0.jpg,1,0,0,410,1161,1024,1935,1024,1161,614,1,1,0,1,0
test,data/test/images/0027_jpg.rf.945f8e7695bc7e7a069b3b854f0226a6.jpg,data_quadrant/test/images/0027_jpg.rf.945f8e7695bc7e7a069b3b854f0226a6__r1c1.jpg,1,1,773,410,1935,1024,1935,1024,1162,614,1,1,0,1,0
test,data/test/images/0030_jpg.rf.2ffe04c14d4589a64938a4eaf75524e1.jpg,data_quadrant/test/images/0030_jpg.rf.2ffe04c14d4589a64938a4eaf75524e1__r0c0.jpg,0,0,0,0,1161,614,1935,1024,1161,614,1,1,0,1,0
test,data/test/images/0030_jpg.rf.2ffe04c14d4589a64938a4eaf75524e1.jpg,data_quadrant/test/images/0030_jpg.rf.2ffe04c14d4589a64938a4eaf75524e1__r0c1.jpg,0,1,773,0,1935,614,1935,1024,1162,614,1,1,0,1,0
test,data/test/images/0030_jpg.rf.2ffe04c14d4589a64938a4eaf75524e1.jpg,data_quadrant/test/images/0030_jpg.rf.2ffe04c14d4589a64938a4eaf75524e1__r1c0.jpg,1,0,0,410,1161,1024,1935,1024,1161,614,1,1,0,1,0
test,data/test/images/0030_jpg.rf.2ffe04c14d4589a64938a4eaf75524e1.jpg,data_quadrant/test/images/0030_jpg.rf.2ffe04c14d4589a64938a4eaf75524e1__r1c1.jpg,1,1,773,410,1935,1024,1935,1024,1162,614,1,1,1,1,0
test,data/test/images/0038_jpg.rf.70936afe54a9d381acfc8842f5d65804.jpg,data_quadrant/test/images/0038_jpg.rf.70936afe54a9d381acfc8842f5d65804__r0c0.jpg,0,0,0,0,1161,614,1935,1024,1161,614,2,2,2,2,0
test,data/test/images/0038_jpg.rf.70936afe54a9d381acfc8842f5d65804.jpg,data_quadrant/test/images/0038_jpg.rf.70936afe54a9d381acfc8842f5d65804__r0c1.jpg,0,1,773,0,1935,614,1935,1024,1162,614,2,2,0,2,0
test,data/test/images/0038_jpg.rf.70936afe54a9d381acfc8842f5d65804.jpg,data_quadrant/test/images/0038_jpg.rf.70936afe54a9d381acfc8842f5d65804__r1c0.jpg,1,0,0,410,1161,1024,1935,1024,1161,614,2,2,2,2,0
test,data/test/images/0038_jpg.rf.70936afe54a9d381acfc8842f5d65804.jpg,data_quadrant/test/images/0038_jpg.rf.70936afe54a9d381acfc8842f5d65804__r1c1.jpg,1,1,773,410,1935,1024,1935,1024,1162,614,2,2,0,2,0
test,data/test/images/0046_jpg.rf.038fc483a77107adc97902b572795d2c.jpg,data_quadrant/test/images/0046_jpg.rf.038fc483a77107adc97902b572795d2c__r0c0.jpg,0,0,0,0,1464,768,2440,1280,1464,768,1,1,1,1,0
test,data/test/images/0046_jpg.rf.038fc483a77107adc97902b572795d2c.jpg,data_quadrant/test/images/0046_jpg.rf.038fc483a77107adc97902b572795d2c__r0c1.jpg,0,1,976,0,2440,768,2440,1280,1464,768,1,1,1,1,0
test,data/test/images/0046_jpg.rf.038fc483a77107adc97902b572795d2c.jpg,data_quadrant/test/images/0046_jpg.rf.038fc483a77107adc97902b572795d2c__r1c0.jpg,1,0,0,512,1464,1280,2440,1280,1464,768,1,1,0,1,0
test,data/test/images/0046_jpg.rf.038fc483a77107adc97902b572795d2c.jpg,data_quadrant/test/images/0046_jpg.rf.038fc483a77107adc97902b572795d2c__r1c1.jpg,1,1,976,512,2440,1280,2440,1280,1464,768,1,1,0,1,0
test,data/test/images/0051_jpg.rf.ff12a2017d2d1c8f455b488c90c0b2e4.jpg,data_quadrant/test/images/0051_jpg.rf.ff12a2017d2d1c8f455b488c90c0b2e4__r0c0.jpg,0,0,0,0,1161,614,1935,1024,1161,614,1,1,1,1,0
test,data/test/images/0051_jpg.rf.ff12a2017d2d1c8f455b488c90c0b2e4.jpg,data_quadrant/test/images/0051_jpg.rf.ff12a2017d2d1c8f455b488c90c0b2e4__r0c1.jpg,0,1,773,0,1935,614,1935,1024,1162,614,1,1,0,1,0
test,data/test/images/0051_jpg.rf.ff12a2017d2d1c8f455b488c90c0b2e4.jpg,data_quadrant/test/images/0051_jpg.rf.ff12a2017d2d1c8f455b488c90c0b2e4__r1c0.jpg,1,0,0,410,1161,1024,1935,1024,1161,614,1,1,1,1,0
test,data/test/images/0051_jpg.rf.ff12a2017d2d1c8f455b488c90c0b2e4.jpg,data_quadrant/test/images/0051_jpg.rf.ff12a2017d2d1c8f455b488c90c0b2e4__r1c1.jpg,1,1,773,410,1935,1024,1935,1024,1162,614,1,1,0,1,0
test,data/test/images/0052_jpg.rf.ecb15cb963ca6062da4f2d7d6c0455b8.jpg,data_quadrant/test/images/0052_jpg.rf.ecb15cb963ca6062da4f2d7d6c0455b8__r0c0.jpg,0,0,0,0,1464,768,2440,1280,1464,768,1,1,1,1,0
test,data/test/images/0052_jpg.rf.ecb15cb963ca6062da4f2d7d6c0455b8.jpg,data_quadrant/test/images/0052_jpg.rf.ecb15cb963ca6062da4f2d7d6c0455b8__r0c1.jpg,0,1,976,0,2440,768,2440,1280,1464,768,1,1,0,1,0
test,data/test/images/0052_jpg.rf.ecb15cb963ca6062da4f2d7d6c0455b8.jpg,data_quadrant/test/images/0052_jpg.rf.ecb15cb963ca6062da4f2d7d6c0455b8__r1c0.jpg,1,0,0,512,1464,1280,2440,1280,1464,768,1,1,1,1,0
test,data/test/images/0052_jpg.rf.ecb15cb963ca6062da4f2d7d6c0455b8.jpg,data_quadrant/test/images/0052_jpg.rf.ecb15cb963ca6062da4f2d7d6c0455b8__r1c1.jpg,1,1,976,512,2440,1280,2440,1280,1464,768,1,1,0,1,0
test,data/test/images/0057_jpg.rf.13608aee50b324616979f452369a5061.jpg,data_quadrant/test/images/0057_jpg.rf.13608aee50b324616979f452369a5061__r0c0.jpg,0,0,0,0,937,614,1563,1024,937,614,1,1,0,1,0
test,data/test/images/0057_jpg.rf.13608aee50b324616979f452369a5061.jpg,data_quadrant/test/images/0057_jpg.rf.13608aee50b324616979f452369a5061__r0c1.jpg,0,1,625,0,1563,614,1563,1024,938,614,1,1,0,1,0
test,data/test/images/0057_jpg.rf.13608aee50b324616979f452369a5061.jpg,data_quadrant/test/images/0057_jpg.rf.13608aee50b324616979f452369a5061__r1c0.jpg,1,0,0,410,937,1024,1563,1024,937,614,1,1,0,1,0
test,data/test/images/0057_jpg.rf.13608aee50b324616979f452369a5061.jpg,data_quadrant/test/images/0057_jpg.rf.13608aee50b324616979f452369a5061__r1c1.jpg,1,1,625,410,1563,1024,1563,1024,938,614,1,1,1,1,0
test,data/test/images/0078_jpg.rf.84cf3ca1e6bd60447846cc65756afd6c.jpg,data_quadrant/test/images/0078_jpg.rf.84cf3ca1e6bd60447846cc65756afd6c__r0c0.jpg,0,0,0,0,1161,614,1935,1024,1161,614,5,5,4,5,0
test,data/test/images/0078_jpg.rf.84cf3ca1e6bd60447846cc65756afd6c.jpg,data_quadrant/test/images/0078_jpg.rf.84cf3ca1e6bd60447846cc65756afd6c__r0c1.jpg,0,1,773,0,1935,614,1935,1024,1162,614,5,5,5,5,0
test,data/test/images/0078_jpg.rf.84cf3ca1e6bd60447846cc65756afd6c.jpg,data_quadrant/test/images/0078_jpg.rf.84cf3ca1e6bd60447846cc65756afd6c__r1c0.jpg,1,0,0,410,1161,1024,1935,1024,1161,614,5,5,2,5,0
test,data/test/images/0078_jpg.rf.84cf3ca1e6bd60447846cc65756afd6c.jpg,data_quadrant/test/images/0078_jpg.rf.84cf3ca1e6bd60447846cc65756afd6c__r1c1.jpg,1,1,773,410,1935,1024,1935,1024,1162,614,5,5,3,5,0
test,data/test/images/0088_jpg.rf.5e14c4f366d00eb0f48f5835e24adaaa.jpg,data_quadrant/test/images/0088_jpg.rf.5e14c4f366d00eb0f48f5835e24adaaa__r0c0.jpg,0,0,0,0,1161,614,1935,1024,1161,614,2,2,2,2,0
test,data/test/images/0088_jpg.rf.5e14c4f366d00eb0f48f5835e24adaaa.jpg,data_quadrant/test/images/0088_jpg.rf.5e14c4f366d00eb0f48f5835e24adaaa__r0c1.jpg,0,1,773,0,1935,614,1935,1024,1162,614,2,2,2,2,0
test,data/test/images/0088_jpg.rf.5e14c4f366d00eb0f48f5835e24adaaa.jpg,data_quadrant/test/images/0088_jpg.rf.5e14c4f366d00eb0f48f5835e24adaaa__r1c0.jpg,1,0,0,410,1161,1024,1935,1024,1161,614,2,2,2,2,0
test,data/test/images/0088_jpg.rf.5e14c4f366d00eb0f48f5835e24adaaa.jpg,data_quadrant/test/images/0088_jpg.rf.5e14c4f366d00eb0f48f5835e24adaaa__r1c1.jpg,1,1,773,410,1935,1024,1935,1024,1162,614,2,2,2,2,0
test,data/test/images/0089_jpg.rf.fd211648eb97a6aa7582b6630dd1ccd5.jpg,data_quadrant/test/images/0089_jpg.rf.fd211648eb97a6aa7582b6630dd1ccd5__r0c0.jpg,0,0,0,0,1161,614,1935,1024,1161,614,2,2,1,2,0
test,data/test/images/0089_jpg.rf.fd211648eb97a6aa7582b6630dd1ccd5.jpg,data_quadrant/test/images/0089_jpg.rf.fd211648eb97a6aa7582b6630dd1ccd5__r0c1.jpg,0,1,773,0,1935,614,1935,1024,1162,614,2,2,1,2,0
test,data/test/images/0089_jpg.rf.fd211648eb97a6aa7582b6630dd1ccd5.jpg,data_quadrant/test/images/0089_jpg.rf.fd211648eb97a6aa7582b6630dd1ccd5__r1c0.jpg,1,0,0,410,1161,1024,1935,1024,1161,614,2,2,1,2,0
test,data/test/images/0089_jpg.rf.fd211648eb97a6aa7582b6630dd1ccd5.jpg,data_quadrant/test/images/0089_jpg.rf.fd211648eb97a6aa7582b6630dd1ccd5__r1c1.jpg,1,1,773,410,1935,1024,1935,1024,1162,614,2,2,1,2,0
test,data/test/images/0092_jpg.rf.7a357ad45f573f99d54a01621696f296.jpg,data_quadrant/test/images/0092_jpg.rf.7a357ad45f573f99d54a01621696f296__r0c0.jpg,0,0,0,0,1161,614,1935,1024,1161,614,2,2,1,2,0
test,data/test/images/0092_jpg.rf.7a357ad45f573f99d54a01621696f296.jpg,data_quadrant/test/images/0092_jpg.rf.7a357ad45f573f99d54a01621696f296__r0c1.jpg,0,1,773,0,1935,614,1935,1024,1162,614,2,2,1,2,0
test,data/test/images/0092_jpg.rf.7a357ad45f573f99d54a01621696f296.jpg,data_quadrant/test/images/0092_jpg.rf.7a357ad45f573f99d54a01621696f296__r1c0.jpg,1,0,0,410,1161,1024,1935,1024,1161,614,2,2,1,2,0
test,data/test/images/0092_jpg.rf.7a357ad45f573f99d54a01621696f296.jpg,data_quadrant/test/images/0092_jpg.rf.7a357ad45f573f99d54a01621696f296__r1c1.jpg,1,1,773,410,1935,1024,1935,1024,1162,614,2,2,1,2,0
test,data/test/images/0095_jpg.rf.987b6d8095043ea211953025b0190750.jpg,data_quadrant/test/images/0095_jpg.rf.987b6d8095043ea211953025b0190750__r0c0.jpg,0,0,0,0,1161,614,1935,1024,1161,614,2,2,0,2,0
test,data/test/images/0095_jpg.rf.987b6d8095043ea211953025b0190750.jpg,data_quadrant/test/images/0095_jpg.rf.987b6d8095043ea211953025b0190750__r0c1.jpg,0,1,773,0,1935,614,1935,1024,1162,614,2,2,0,2,0
test,data/test/images/0095_jpg.rf.987b6d8095043ea211953025b0190750.jpg,data_quadrant/test/images/0095_jpg.rf.987b6d8095043ea211953025b0190750__r1c0.jpg,1,0,0,410,1161,1024,1935,1024,1161,614,2,2,1,2,0
test,data/test/images/0095_jpg.rf.987b6d8095043ea211953025b0190750.jpg,data_quadrant/test/images/0095_jpg.rf.987b6d8095043ea211953025b0190750__r1c1.jpg,1,1,773,410,1935,1024,1935,1024,1162,614,2,2,1,2,0
test,data/test/images/0099_jpg.rf.accc47cd34bbe25147ea5345b1fe500f.jpg,data_quadrant/test/images/0099_jpg.rf.accc47cd34bbe25147ea5345b1fe500f__r0c0.jpg,0,0,0,0,1161,614,1935,1024,1161,614,3,3,2,3,0
test,data/test/images/0099_jpg.rf.accc47cd34bbe25147ea5345b1fe500f.jpg,data_quadrant/test/images/0099_jpg.rf.accc47cd34bbe25147ea5345b1fe500f__r0c1.jpg,0,1,773,0,1935,614,1935,1024,1162,614,3,3,1,3,0
test,data/test/images/0099_jpg.rf.accc47cd34bbe25147ea5345b1fe500f.jpg,data_quadrant/test/images/0099_jpg.rf.accc47cd34bbe25147ea5345b1fe500f__r1c0.jpg,1,0,0,410,1161,1024,1935,1024,1161,614,3,3,2,3,0
test,data/test/images/0099_jpg.rf.accc47cd34bbe25147ea5345b1fe500f.jpg,data_quadrant/test/images/0099_jpg.rf.accc47cd34bbe25147ea5345b1fe500f__r1c1.jpg,1,1,773,410,1935,1024,1935,1024,1162,614,3,3,1,3,0
test,data/test/images/0100_jpg.rf.d50747c5b877a54915381bacd234cac9.jpg,data_quadrant/test/images/0100_jpg.rf.d50747c5b877a54915381bacd234cac9__r0c0.jpg,0,0,0,0,1161,614,1935,1024,1161,614,4,4,3,4,0
test,data/test/images/0100_jpg.rf.d50747c5b877a54915381bacd234cac9.jpg,data_quadrant/test/images/0100_jpg.rf.d50747c5b877a54915381bacd234cac9__r0c1.jpg,0,1,773,0,1935,614,1935,1024,1162,614,4,4,3,4,0
test,data/test/images/0100_jpg.rf.d50747c5b877a54915381bacd234cac9.jpg,data_quadrant/test/images/0100_jpg.rf.d50747c5b877a54915381bacd234cac9__r1c0.jpg,1,0,0,410,1161,1024,1935,1024,1161,614,4,4,3,4,0
test,data/test/images/0100_jpg.rf.d50747c5b877a54915381bacd234cac9.jpg,data_quadrant/test/images/0100_jpg.rf.d50747c5b877a54915381bacd234cac9__r1c1.jpg,1,1,773,410,1935,1024,1935,1024,1162,614,4,4,3,4,0
test,data/test/images/0104_jpg.rf.01c8bc85f9ad5901a1559bf7406d186d.jpg,data_quadrant/test/images/0104_jpg.rf.01c8bc85f9ad5901a1559bf7406d186d__r0c0.jpg,0,0,0,0,1161,614,1935,1024,1161,614,1,1,0,1,0
test,data/test/images/0104_jpg.rf.01c8bc85f9ad5901a1559bf7406d186d.jpg,data_quadrant/test/images/0104_jpg.rf.01c8bc85f9ad5901a1559bf7406d186d__r0c1.jpg,0,1,773,0,1935,614,1935,1024,1162,614,1,1,1,1,0
test,data/test/images/0104_jpg.rf.01c8bc85f9ad5901a1559bf7406d186d.jpg,data_quadrant/test/images/0104_jpg.rf.01c8bc85f9ad5901a1559bf7406d186d__r1c0.jpg,1,0,0,410,1161,1024,1935,1024,1161,614,1,1,0,1,0
test,data/test/images/0104_jpg.rf.01c8bc85f9ad5901a1559bf7406d186d.jpg,data_quadrant/test/images/0104_jpg.rf.01c8bc85f9ad5901a1559bf7406d186d__r1c1.jpg,1,1,773,410,1935,1024,1935,1024,1162,614,1,1,1,1,0
test,data/test/images/0107_jpg.rf.1a832d17d9086b869415560731022487.jpg,data_quadrant/test/images/0107_jpg.rf.1a832d17d9086b869415560731022487__r0c0.jpg,0,0,0,0,1161,614,1935,1024,1161,614,3,3,2,3,0
test,data/test/images/0107_jpg.rf.1a832d17d9086b869415560731022487.jpg,data_quadrant/test/images/0107_jpg.rf.1a832d17d9086b869415560731022487__r0c1.jpg,0,1,773,0,1935,614,1935,1024,1162,614,3,3,2,3,0
test,data/test/images/0107_jpg.rf.1a832d17d9086b869415560731022487.jpg,data_quadrant/test/images/0107_jpg.rf.1a832d17d9086b869415560731022487__r1c0.jpg,1,0,0,410,1161,1024,1935,1024,1161,614,3,3,2,3,0
test,data/test/images/0107_jpg.rf.1a832d17d9086b869415560731022487.jpg,data_quadrant/test/images/0107_jpg.rf.1a832d17d9086b869415560731022487__r1c1.jpg,1,1,773,410,1935,1024,1935,1024,1162,614,3,3,2,3,0
test,data/test/images/0115_jpg.rf.b44a15fd6166db7c92eb13074a7fae81.jpg,data_quadrant/test/images/0115_jpg.rf.b44a15fd6166db7c92eb13074a7fae81__r0c0.jpg,0,0,0,0,1161,614,1935,1024,1161,614,1,1,1,1,0
test,data/test/images/0115_jpg.rf.b44a15fd6166db7c92eb13074a7fae81.jpg,data_quadrant/test/images/0115_jpg.rf.b44a15fd6166db7c92eb13074a7fae81__r0c1.jpg,0,1,773,0,1935,614,1935,1024,1162,614,1,1,0,1,0
test,data/test/images/0115_jpg.rf.b44a15fd6166db7c92eb13074a7fae81.jpg,data_quadrant/test/images/0115_jpg.rf.b44a15fd6166db7c92eb13074a7fae81__r1c0.jpg,1,0,0,410,1161,1024,1935,1024,1161,614,1,1,1,1,0
test,data/test/images/0115_jpg.rf.b44a15fd6166db7c92eb13074a7fae81.jpg,data_quadrant/test/images/0115_jpg.rf.b44a15fd6166db7c92eb13074a7fae81__r1c1.jpg,1,1,773,410,1935,1024,1935,1024,1162,614,1,1,0,1,0
test,data/test/images/0116_jpg.rf.75813fa7da75a109a021c030568b79ab.jpg,data_quadrant/test/images/0116_jpg.rf.75813fa7da75a109a021c030568b79ab__r0c0.jpg,0,0,0,0,1161,614,1935,1024,1161,614,2,2,1,2,0
test,data/test/images/0116_jpg.rf.75813fa7da75a109a021c030568b79ab.jpg,data_quadrant/test/images/0116_jpg.rf.75813fa7da75a109a021c030568b79ab__r0c1.jpg,0,1,773,0,1935,614,1935,1024,1162,614,2,2,1,2,0
test,data/test/images/0116_jpg.rf.75813fa7da75a109a021c030568b79ab.jpg,data_quadrant/test/images/0116_jpg.rf.75813fa7da75a109a021c030568b79ab__r1c0.jpg,1,0,0,410,1161,1024,1935,1024,1161,614,2,2,1,2,0
test,data/test/images/0116_jpg.rf.75813fa7da75a109a021c030568b79ab.jpg,data_quadrant/test/images/0116_jpg.rf.75813fa7da75a109a021c030568b79ab__r1c1.jpg,1,1,773,410,1935,1024,1935,1024,1162,614,2,2,1,2,0
